Age,Bio_Years,Mobile_Years,Scanner_Quality,Device_Type,Auth_Count,Recent_Failures,Target
56,10,7,90,Fingerprint,131,2,1
79,10,7,53,Fingerprint,318,1,1
34,5,1,93,OTP,170,3,1
26,11,8,78,Fingerprint,520,1,1
59,3,8,32,Iris,656,4,1
43,1,3,89,Fingerprint,786,1,0
6,3,6,73,Fingerprint,952,2,1
40,1,7,33,Fingerprint,399,1,1
58,1,9,73,OTP,967,3,1
82,6,8,91,Fingerprint,729,4,1
57,7,9,89,Fingerprint,50,4,1
93,6,8,30,Fingerprint,481,2,1
85,7,2,64,Iris,782,1,1
45,11,6,41,Fingerprint,57,4,1
48,7,5,64,Fingerprint,622,2,1
9,9,6,43,Fingerprint,402,1,1
81,2,6,81,Fingerprint,909,4,1
19,10,3,42,Fingerprint,708,2,0
32,1,9,74,Fingerprint,655,3,1
34,10,9,91,Fingerprint,386,2,1
81,8,2,99,Fingerprint,658,4,1
55,9,7,88,Fingerprint,617,0,1
66,0,9,81,Fingerprint,816,1,1
60,0,0,31,Fingerprint,575,4,1
5,2,1,82,Fingerprint,681,3,1
79,7,0,67,Fingerprint,893,1,1
90,10,0,88,Fingerprint,358,2,1
63,3,2,96,Iris,157,3,1
37,7,6,30,Fingerprint,962,0,1
27,9,2,36,Fingerprint,355,0,0
64,0,1,30,Fingerprint,661,4,1
36,10,6,38,Fingerprint,668,2,1
28,5,7,62,Fingerprint,596,0,1
40,5,7,54,Fingerprint,905,1,1
58,2,8,62,Fingerprint,407,4,1
12,6,2,46,Fingerprint,697,3,1
90,6,5,59,OTP,374,2,1
12,10,1,50,Fingerprint,293,0,0
65,2,3,64,Iris,521,0,0
10,2,8,66,OTP,506,4,1
64,0,3,92,Fingerprint,937,0,0
22,8,9,83,Fingerprint,881,1,1
27,1,9,31,Fingerprint,113,0,1
47,5,6,71,Iris,876,1,1
28,11,9,36,Fingerprint,694,3,1
12,11,2,44,Fingerprint,843,2,0
62,5,9,87,Fingerprint,701,1,1
19,5,4,37,Iris,629,4,1
72,5,3,76,Fingerprint,945,3,1
34,2,0,92,Fingerprint,67,1,0
94,4,6,38,Fingerprint,650,1,1
5,1,5,77,Fingerprint,246,4,1
20,6,4,51,Iris,972,3,1
20,2,4,86,Fingerprint,229,4,1
66,3,4,45,Fingerprint,441,4,1
37,4,6,39,OTP,109,1,1
14,9,2,87,Fingerprint,334,4,1
20,7,6,31,Fingerprint,905,2,1
28,11,1,64,Fingerprint,938,4,1
47,4,2,94,OTP,851,2,0
39,6,0,37,Fingerprint,979,1,0
11,3,9,58,Fingerprint,738,4,1
40,9,4,53,Iris,698,2,0
86,0,6,53,Iris,745,4,1
59,6,8,59,OTP,71,3,1
90,10,2,78,Fingerprint,454,0,1
80,8,6,57,OTP,393,3,1
20,4,4,41,Fingerprint,900,4,1
57,6,8,68,Fingerprint,51,1,1
18,9,4,64,Iris,244,2,1
80,8,9,87,Fingerprint,262,4,1
46,8,1,56,Iris,526,4,1
42,2,7,94,Iris,666,0,1
40,5,2,90,Fingerprint,176,2,0
94,2,6,96,Fingerprint,763,3,1
24,11,7,90,Iris,944,0,1
81,11,8,92,Fingerprint,418,0,1
10,9,4,65,Fingerprint,541,0,0
51,8,0,43,Fingerprint,522,4,1
7,6,8,41,OTP,793,3,1
32,4,7,65,Fingerprint,707,3,1
32,11,4,70,Fingerprint,932,0,0
37,4,3,58,Fingerprint,556,4,1
86,2,4,76,OTP,19,1,0
37,5,0,47,OTP,186,2,0
30,8,5,88,Iris,470,0,1
5,4,6,35,Fingerprint,718,4,1
7,4,6,82,OTP,467,2,1
89,8,0,80,Fingerprint,781,0,1
36,1,7,68,Fingerprint,683,2,1
16,0,5,34,Fingerprint,772,0,1
51,6,4,43,Iris,444,3,1
42,1,1,59,Fingerprint,444,1,0
42,0,7,59,Fingerprint,572,0,1
33,3,9,85,Iris,794,3,1
92,4,1,35,Fingerprint,214,2,0
27,6,5,45,Fingerprint,369,3,1
29,2,2,56,Fingerprint,955,4,1
55,2,4,34,Fingerprint,691,4,1
25,5,0,34,Fingerprint,355,1,0
82,9,8,55,Iris,130,2,1
30,3,0,37,Iris,262,3,1
90,9,6,31,Iris,535,2,1
11,2,6,47,Fingerprint,748,2,1
32,9,6,86,Iris,95,1,1
21,3,8,97,Fingerprint,242,4,1
90,1,7,69,Fingerprint,604,1,1
10,3,9,93,Fingerprint,961,2,1
37,4,5,50,Fingerprint,512,3,1
59,8,6,32,Fingerprint,49,4,1
28,5,1,33,Fingerprint,127,0,0
55,8,1,37,Fingerprint,182,3,1
74,9,5,97,Fingerprint,234,3,1
16,0,9,43,Fingerprint,814,2,1
81,10,2,62,Fingerprint,19,4,1
14,11,1,42,Fingerprint,605,0,0
77,0,8,44,Fingerprint,428,0,1
66,11,1,38,Fingerprint,556,0,1
68,5,7,40,Iris,279,3,1
89,4,4,55,OTP,610,4,1
93,1,7,68,Iris,809,2,1
27,0,8,46,Iris,512,1,1
55,6,2,99,OTP,400,2,0
46,3,0,56,Iris,559,0,0
31,6,0,97,Fingerprint,531,4,1
42,3,7,81,Fingerprint,166,4,1
80,1,2,65,Fingerprint,820,2,0
24,10,9,67,Fingerprint,32,1,1
17,7,1,89,Fingerprint,365,3,1
41,7,9,60,Fingerprint,60,4,1
45,5,6,30,Fingerprint,414,1,1
58,6,8,30,Iris,576,2,1
19,4,8,82,Fingerprint,445,0,1
30,8,2,92,Fingerprint,611,2,0
6,6,1,63,OTP,649,2,0
58,7,8,81,Fingerprint,865,0,1
33,10,5,55,Fingerprint,478,0,1
85,3,8,78,Fingerprint,351,3,1
53,6,0,42,Fingerprint,444,2,0
87,0,7,48,Fingerprint,599,2,1
70,5,0,67,Iris,653,0,0
33,6,6,32,Fingerprint,467,2,1
91,6,1,36,Fingerprint,842,0,0
71,7,6,88,Fingerprint,337,0,1
71,2,0,37,Fingerprint,105,2,0
41,5,4,43,Fingerprint,953,1,0
78,6,0,52,Iris,633,4,1
40,11,1,31,OTP,718,3,1
6,2,6,41,Iris,814,0,1
57,11,2,53,Fingerprint,167,2,0
85,1,2,43,Iris,971,4,1
77,5,5,33,Fingerprint,38,4,1
91,4,5,47,Fingerprint,51,3,1
42,1,0,66,Fingerprint,387,3,1
90,4,8,60,Iris,177,1,1
57,6,9,74,Iris,990,3,1
50,1,5,94,Fingerprint,301,2,1
33,4,7,40,Fingerprint,122,2,1
58,1,6,53,OTP,78,0,1
40,3,2,91,OTP,491,0,0
70,4,8,69,Iris,226,4,1
46,8,6,64,Iris,238,3,1
16,2,4,73,Iris,826,4,1
78,8,6,76,Fingerprint,601,2,1
25,0,6,99,OTP,475,0,1
30,9,6,46,Fingerprint,990,1,1
18,4,6,38,Fingerprint,849,1,1
86,3,6,47,Fingerprint,624,0,1
64,1,2,66,Fingerprint,995,3,1
19,7,0,33,Iris,930,4,1
37,9,1,84,Fingerprint,555,2,0
17,1,2,68,Fingerprint,38,0,0
61,7,8,39,Fingerprint,368,3,1
69,0,2,74,Fingerprint,679,1,0
22,4,8,77,Fingerprint,984,0,1
92,3,9,66,Iris,948,3,1
43,7,7,40,OTP,235,0,1
56,3,7,49,Iris,319,4,1
78,10,1,86,Fingerprint,762,1,1
10,4,4,83,OTP,698,0,0
24,9,0,90,Fingerprint,428,1,0
66,0,7,32,Iris,790,4,1
77,3,4,40,Iris,332,2,0
71,8,1,71,Iris,49,0,1
15,10,1,67,Fingerprint,910,1,1
74,4,4,69,Iris,327,4,1
62,2,7,69,Fingerprint,868,4,1
10,7,2,69,Fingerprint,580,2,0
17,10,8,82,Fingerprint,200,2,1
64,6,4,74,Iris,40,1,0
36,10,4,59,OTP,91,3,1
82,11,6,95,Fingerprint,55,2,1
21,7,1,89,Fingerprint,374,2,0
87,6,9,92,Fingerprint,344,4,1
72,3,3,97,Fingerprint,26,3,1
21,9,5,94,Fingerprint,129,2,1
54,11,3,81,Iris,16,4,1
10,2,9,55,Fingerprint,747,4,1
85,2,8,68,Fingerprint,806,4,1
36,1,3,51,Fingerprint,716,0,0
25,4,3,35,Iris,462,2,0
62,11,5,44,Iris,172,0,1
28,11,1,44,Fingerprint,548,3,1
21,4,7,56,Iris,208,2,1
28,11,9,32,Fingerprint,536,0,1
21,11,3,38,Fingerprint,965,4,1
6,7,7,40,OTP,730,4,1
68,1,5,61,Fingerprint,738,0,1
45,7,5,80,Fingerprint,410,3,1
50,5,5,49,Fingerprint,945,1,1
6,0,0,59,Fingerprint,125,1,0
70,5,6,75,Fingerprint,152,1,1
48,0,7,90,Iris,911,0,1
77,6,8,37,OTP,869,3,1
79,3,3,35,Iris,419,2,0
64,9,1,41,Fingerprint,918,0,1
23,6,3,74,Fingerprint,640,4,1
36,2,1,99,Iris,671,4,1
63,2,9,64,Fingerprint,959,0,1
80,0,4,60,Fingerprint,33,3,1
8,11,3,89,Fingerprint,698,2,0
40,9,4,95,Fingerprint,941,1,0
62,5,2,47,Fingerprint,920,0,0
30,7,3,71,Fingerprint,343,1,0
41,4,5,70,Fingerprint,837,4,1
93,3,1,99,Fingerprint,866,0,0
39,4,4,94,Iris,961,3,1
51,10,9,96,Fingerprint,601,1,1
80,8,0,34,Fingerprint,692,3,1
61,5,3,57,Fingerprint,942,4,1
53,0,7,73,Fingerprint,376,3,1
82,1,8,66,OTP,806,0,1
39,5,4,88,Fingerprint,700,3,1
24,4,1,72,Fingerprint,226,1,0
43,7,1,52,Fingerprint,861,4,1
84,1,9,37,OTP,138,4,1
9,5,1,94,Iris,227,2,0
34,1,1,46,Iris,312,0,0
93,3,0,30,Fingerprint,985,4,1
94,11,1,93,Fingerprint,594,0,1
93,8,4,60,Iris,333,1,1
8,5,2,99,OTP,406,0,0
87,10,0,83,Fingerprint,734,0,1
75,4,2,89,Fingerprint,426,0,0
39,11,5,40,Fingerprint,631,1,1
50,8,2,55,OTP,459,3,1
30,8,4,77,Fingerprint,309,3,1
74,1,4,52,Fingerprint,345,4,1
40,10,2,44,Fingerprint,150,2,0
82,3,4,81,Fingerprint,678,3,1
12,9,3,59,Iris,954,4,1
94,8,6,68,Fingerprint,592,0,1
65,9,7,65,Fingerprint,895,0,1
49,9,6,51,Iris,735,3,1
30,8,9,71,OTP,729,0,1
41,3,1,53,Iris,69,1,0
22,2,3,84,Fingerprint,696,0,0
37,6,4,51,Fingerprint,664,2,0
36,10,9,86,Fingerprint,779,2,1
89,1,2,71,Fingerprint,176,0,0
79,6,7,89,Iris,589,1,1
46,6,3,65,Fingerprint,657,0,0
45,6,3,42,Fingerprint,651,3,1
48,10,4,37,Iris,571,2,0
48,9,2,99,Fingerprint,181,1,0
85,2,1,59,Fingerprint,671,3,1
40,4,8,84,Fingerprint,455,0,1
20,11,0,45,Fingerprint,989,2,0
9,3,7,94,Iris,158,3,1
26,1,7,61,Fingerprint,793,3,1
18,3,0,52,Fingerprint,587,0,1
6,10,8,94,Fingerprint,189,1,1
86,6,5,64,Iris,152,3,1
16,0,9,67,Iris,812,1,1
71,6,3,43,Fingerprint,414,2,0
6,2,1,49,Fingerprint,275,0,0
29,5,0,65,Fingerprint,842,4,1
7,2,8,35,Fingerprint,126,1,1
25,1,3,54,Fingerprint,182,3,1
22,11,5,61,Fingerprint,263,1,1
87,2,4,63,Fingerprint,651,2,0
35,7,8,38,Fingerprint,338,3,1
11,11,0,33,Fingerprint,561,0,0
56,3,3,67,Fingerprint,72,4,1
67,2,6,56,Fingerprint,535,4,1
9,6,1,91,Fingerprint,255,4,1
91,9,7,68,Fingerprint,22,4,1
89,4,1,74,Fingerprint,474,2,0
64,10,4,81,Fingerprint,638,1,1
38,3,1,81,Iris,563,4,1
17,0,8,93,Iris,402,0,1
6,11,0,39,OTP,965,4,1
38,7,5,78,Fingerprint,965,4,1
73,11,0,37,Fingerprint,514,2,1
55,7,2,53,Fingerprint,157,4,1
62,3,3,44,OTP,508,3,1
62,4,4,37,Fingerprint,559,3,1
12,7,8,95,Fingerprint,972,0,1
72,8,8,91,Iris,787,4,1
16,10,7,31,Fingerprint,702,3,1
15,9,0,69,Fingerprint,978,0,1
63,11,9,51,Fingerprint,989,4,1
50,0,7,50,Fingerprint,553,0,1
51,1,4,42,Fingerprint,647,3,1
26,10,8,51,Fingerprint,790,1,1
33,4,3,56,OTP,472,2,0
92,11,5,72,Iris,362,2,1
23,6,6,54,Iris,120,1,1
20,7,0,34,Iris,909,2,0
93,9,4,75,Fingerprint,932,1,1
17,8,3,65,Fingerprint,611,1,1
16,0,8,63,Iris,29,2,1
74,7,2,87,Fingerprint,390,3,1
14,7,5,55,Fingerprint,478,4,1
42,3,8,74,Fingerprint,128,3,1
92,4,9,84,Iris,897,1,1
23,11,2,78,Fingerprint,220,4,1
35,3,2,77,Fingerprint,359,0,0
22,3,0,76,OTP,127,4,1
21,5,3,49,Iris,996,3,1
13,9,4,90,OTP,780,4,1
74,0,2,48,Fingerprint,311,1,0
73,4,3,78,Fingerprint,713,4,1
74,9,3,68,Fingerprint,650,0,1
74,8,5,75,Fingerprint,197,0,1
28,8,3,59,Fingerprint,627,3,1
39,6,7,39,Fingerprint,191,1,1
81,5,8,74,Iris,628,3,1
61,4,3,79,Fingerprint,528,1,0
79,3,7,44,Iris,926,1,1
18,8,4,87,OTP,590,2,1
94,4,7,78,Fingerprint,866,4,1
65,8,0,79,Iris,904,1,1
75,5,6,62,Fingerprint,582,4,1
32,9,8,68,Iris,538,1,1
74,1,0,34,OTP,121,0,0
78,1,2,68,Fingerprint,353,3,1
68,2,0,93,Fingerprint,286,3,1
72,3,5,44,Fingerprint,222,3,1
44,9,9,92,Fingerprint,769,2,1
48,0,9,35,Fingerprint,800,0,1
47,2,4,80,Fingerprint,277,1,0
28,11,8,65,Fingerprint,81,0,1
86,9,3,99,Iris,784,2,1
31,1,7,62,Fingerprint,529,4,1
8,5,5,48,Iris,533,2,1
20,0,6,50,Iris,171,3,1
63,6,4,54,Fingerprint,205,0,0
38,9,4,90,Fingerprint,274,3,1
54,5,2,89,Fingerprint,404,1,0
89,7,1,32,Iris,807,1,1
32,7,9,91,Iris,684,3,1
45,2,1,87,Fingerprint,288,0,0
15,10,2,62,Fingerprint,281,1,1
44,7,6,99,Iris,133,0,1
91,2,3,87,Fingerprint,815,4,1
61,4,4,75,Iris,469,0,0
13,2,1,35,Fingerprint,416,2,0
50,5,3,91,Fingerprint,551,2,0
29,7,7,43,OTP,736,0,1
55,2,9,48,Iris,989,4,1
82,8,6,48,Iris,407,4,1
44,0,8,93,Fingerprint,829,0,1
63,8,3,97,Iris,523,0,1
45,7,6,45,Fingerprint,890,3,1
15,1,4,50,Fingerprint,285,4,1
48,0,4,90,Fingerprint,44,0,0
92,0,7,74,Fingerprint,433,3,1
80,8,2,55,Fingerprint,415,4,1
42,3,8,58,Fingerprint,832,3,1
26,11,2,95,Fingerprint,356,0,0
76,6,5,35,Iris,731,0,1
94,10,7,94,Fingerprint,630,0,1
44,2,3,85,Fingerprint,710,0,0
66,7,3,68,Iris,954,1,1
13,7,4,78,Fingerprint,865,4,1
63,6,6,70,Fingerprint,713,2,1
15,0,7,48,Fingerprint,465,4,1
16,0,9,98,Fingerprint,868,4,1
53,3,1,47,Fingerprint,999,0,0
86,4,2,57,Fingerprint,122,0,0
19,8,6,31,Fingerprint,114,1,1
55,10,9,43,Fingerprint,127,0,1
43,11,2,99,Fingerprint,523,4,1
7,7,1,70,Fingerprint,428,2,0
59,9,4,91,Fingerprint,232,0,0
28,8,5,57,Fingerprint,116,1,1
49,6,8,82,Iris,39,3,1
36,2,2,57,Fingerprint,50,2,0
61,5,3,62,Fingerprint,299,3,1
11,3,4,85,Iris,568,3,1
33,9,1,64,Fingerprint,488,2,0
42,4,7,63,Iris,449,3,1
69,3,0,79,Fingerprint,385,2,0
79,3,9,56,Fingerprint,372,2,1
55,1,5,88,Fingerprint,254,1,1
41,9,4,64,Iris,717,1,0
33,10,3,46,Fingerprint,287,3,1
41,8,0,42,Fingerprint,863,4,1
55,2,9,61,Iris,771,0,1
50,11,4,73,Iris,845,2,0
67,7,2,42,Fingerprint,148,3,1
21,2,1,53,Fingerprint,174,4,1
32,4,0,65,OTP,73,2,0
15,5,5,50,Iris,496,3,1
85,7,3,70,Iris,533,0,1
23,9,3,99,Fingerprint,771,3,1
79,0,7,52,Fingerprint,724,0,1
85,2,4,80,Fingerprint,760,3,1
39,8,7,74,Fingerprint,890,0,1
23,5,2,88,Fingerprint,952,4,1
84,1,5,72,Iris,915,1,1
84,11,1,70,Fingerprint,705,0,1
23,1,7,55,Iris,336,2,1
40,8,4,30,Fingerprint,150,4,1
5,3,2,95,Fingerprint,544,0,0
50,3,5,32,Fingerprint,982,4,1
49,2,5,45,Fingerprint,666,1,1
20,5,1,95,Iris,193,3,1
43,2,7,84,OTP,742,4,1
69,0,8,59,OTP,542,2,1
23,8,8,60,Iris,32,1,1
76,5,3,49,Fingerprint,23,1,0
57,7,5,59,Fingerprint,214,2,1
12,1,6,60,Fingerprint,859,1,1
80,0,8,55,Iris,735,0,1
92,1,7,70,Fingerprint,949,0,1
69,10,2,38,Iris,437,3,1
86,2,2,78,Fingerprint,577,3,1
41,0,9,58,Fingerprint,996,0,1
59,9,6,50,Iris,110,0,1
15,0,3,76,OTP,722,4,1
87,2,4,71,Fingerprint,511,3,1
51,1,2,42,Fingerprint,406,3,1
20,8,8,67,Fingerprint,961,0,1
91,1,8,37,Fingerprint,283,2,1
48,4,7,83,Fingerprint,365,4,1
17,8,0,83,Fingerprint,53,4,1
50,4,5,53,Iris,858,3,1
39,8,2,46,OTP,893,4,1
64,9,5,94,Fingerprint,165,0,1
62,11,5,82,Fingerprint,184,0,1
41,5,6,54,Iris,963,3,1
16,10,4,36,Iris,316,0,1
91,8,7,74,Fingerprint,653,2,1
33,1,1,57,Fingerprint,133,3,1
8,9,7,38,Fingerprint,833,3,1
79,11,5,46,Fingerprint,501,1,1
30,8,9,74,Fingerprint,470,4,1
72,11,0,78,OTP,111,3,1
51,8,1,55,Fingerprint,14,3,1
79,7,5,62,OTP,932,1,1
25,4,5,67,OTP,455,1,1
50,2,5,37,Fingerprint,244,3,1
85,10,1,40,Fingerprint,501,0,1
52,7,9,91,Fingerprint,148,4,1
22,2,6,84,Fingerprint,987,1,1
8,11,2,58,OTP,363,0,0
84,1,1,37,Fingerprint,17,3,1
47,6,0,88,OTP,763,4,1
48,8,4,65,Fingerprint,521,3,1
47,4,7,71,Fingerprint,331,2,1
31,8,2,42,Fingerprint,749,0,0
31,1,2,30,Fingerprint,614,0,0
88,3,4,64,Fingerprint,368,2,0
82,0,1,74,Fingerprint,989,4,1
72,0,1,30,Fingerprint,886,3,1
91,9,8,34,Fingerprint,410,1,1
45,3,4,40,Fingerprint,670,2,0
23,11,6,76,OTP,163,4,1
82,3,6,44,Fingerprint,118,4,1
45,2,6,75,Fingerprint,514,2,1
19,2,4,30,Fingerprint,289,2,0
67,3,1,53,Fingerprint,13,2,0
61,0,6,82,Fingerprint,288,4,1
57,8,8,89,Fingerprint,366,0,1
44,6,6,67,Fingerprint,221,2,1
90,3,5,65,Iris,974,4,1
62,1,4,54,Fingerprint,956,0,0
43,7,5,83,Fingerprint,762,2,1
35,9,9,61,Fingerprint,776,0,1
15,9,5,46,Fingerprint,445,0,1
69,8,2,65,OTP,904,1,1
19,6,5,30,Fingerprint,387,4,1
85,1,8,42,Fingerprint,349,3,1
7,0,0,76,Fingerprint,201,0,0
71,9,3,61,Fingerprint,461,1,1
87,10,3,64,Fingerprint,835,0,1
65,6,3,88,Fingerprint,911,0,0
53,7,2,94,Fingerprint,345,4,1
23,11,9,49,Fingerprint,437,1,1
26,2,8,36,Fingerprint,384,2,1
20,6,2,80,Fingerprint,473,3,1
16,4,4,56,Fingerprint,911,0,1
61,11,4,88,Fingerprint,59,0,1
90,4,1,76,Fingerprint,298,4,1
58,6,6,43,Iris,137,4,1
24,7,1,92,Fingerprint,578,1,0
21,1,5,87,Fingerprint,327,0,1
86,9,3,70,Fingerprint,698,3,1
7,9,1,64,Fingerprint,645,1,0
26,9,6,68,Fingerprint,504,3,1
58,3,2,95,Fingerprint,811,2,0
83,10,9,77,Fingerprint,452,3,1
33,3,0,55,Fingerprint,830,2,0
55,4,7,51,Fingerprint,423,0,1
49,3,6,78,Fingerprint,92,0,1
40,8,9,61,Fingerprint,185,0,1
31,5,1,64,Iris,350,0,0
77,10,9,48,Fingerprint,794,2,1
45,9,1,69,Fingerprint,766,3,1
73,10,1,69,Fingerprint,955,2,1
37,10,1,77,Fingerprint,347,2,0
63,7,2,94,Fingerprint,612,2,1
85,8,5,68,Fingerprint,805,0,1
41,8,1,85,Iris,779,4,1
64,5,9,69,Fingerprint,261,2,1
83,11,1,92,Fingerprint,148,1,1
81,3,5,36,Fingerprint,831,3,1
59,2,5,30,OTP,350,4,1
78,11,4,96,Iris,605,2,1
72,4,0,97,OTP,292,1,0
29,4,9,81,Iris,758,4,1
53,9,9,68,Fingerprint,890,4,1
10,2,2,68,Fingerprint,639,4,1
91,0,6,96,Fingerprint,904,0,1
91,3,6,74,Fingerprint,625,4,1
10,11,1,51,Fingerprint,423,0,0
82,9,9,65,Fingerprint,243,3,1
51,5,2,44,Iris,673,2,0
51,0,0,48,Fingerprint,945,1,0
33,1,1,42,Iris,939,4,1
68,6,7,55,Fingerprint,278,4,1
53,2,6,87,Fingerprint,830,0,1
66,0,8,32,Fingerprint,638,2,1
20,8,5,57,Fingerprint,833,0,1
90,8,2,80,Fingerprint,208,4,1
23,1,8,74,Fingerprint,148,4,1
22,2,1,37,Iris,725,0,0
40,11,3,86,OTP,91,1,0
83,3,9,96,Fingerprint,703,2,1
66,3,3,59,Fingerprint,71,0,0
35,11,1,90,Fingerprint,57,0,0
12,8,9,87,Iris,438,1,1
85,2,4,93,Iris,580,3,1
10,9,0,45,Iris,908,4,1
40,9,4,91,Fingerprint,691,4,1
20,7,7,88,Fingerprint,246,2,1
80,9,0,31,Fingerprint,380,1,1
22,0,5,96,OTP,231,4,1
49,11,4,42,Fingerprint,912,1,0
57,3,6,99,Iris,878,3,1
32,7,0,66,Fingerprint,79,4,1
39,4,7,75,Fingerprint,911,0,1
63,7,7,58,Fingerprint,86,1,1
12,10,0,83,Iris,559,2,0
16,10,9,96,OTP,684,4,1
39,3,4,83,Fingerprint,517,4,1
90,5,7,78,Iris,937,2,1
7,4,4,39,Fingerprint,77,4,1
47,1,9,90,Fingerprint,285,2,1
28,10,1,84,Fingerprint,200,2,0
55,4,1,33,Iris,179,3,1
29,10,1,56,Fingerprint,731,2,0
48,4,6,70,Fingerprint,866,0,1
78,5,2,94,Fingerprint,269,0,0
80,5,5,76,Fingerprint,439,1,1
54,0,6,88,Fingerprint,789,3,1
7,11,7,42,Fingerprint,814,0,1
70,3,5,55,Iris,885,2,1
24,7,7,59,OTP,349,3,1
20,10,6,74,OTP,961,2,1
91,7,8,64,Fingerprint,814,1,1
61,7,4,49,Fingerprint,318,3,1
21,9,2,40,Iris,80,3,1
38,10,3,79,Fingerprint,915,3,1
88,2,4,69,Fingerprint,245,2,0
60,11,9,68,Fingerprint,429,4,1
30,5,3,93,Fingerprint,865,1,0
15,11,4,93,Fingerprint,433,2,1
21,0,6,86,Iris,190,1,1
26,8,1,69,Fingerprint,115,4,1
36,8,7,49,Fingerprint,990,1,1
67,11,5,89,Fingerprint,236,1,1
43,3,8,91,OTP,886,0,1
10,2,8,89,Fingerprint,616,3,1
76,8,5,92,Fingerprint,229,4,1
32,2,5,51,Fingerprint,431,0,1
82,2,9,32,Iris,85,0,1
66,3,8,70,Fingerprint,734,1,1
26,3,9,78,Fingerprint,726,0,1
40,0,0,44,Fingerprint,929,1,0
27,7,7,88,Fingerprint,708,4,1
32,8,6,31,Iris,520,0,1
17,1,1,42,Fingerprint,615,4,1
85,7,2,44,OTP,723,3,1
91,3,0,86,Fingerprint,703,0,0
79,1,8,61,Fingerprint,490,4,1
61,7,7,56,Fingerprint,330,2,1
46,2,6,72,Fingerprint,490,1,1
89,7,6,85,Fingerprint,955,4,1
58,7,8,78,Fingerprint,148,0,1
70,7,2,57,Fingerprint,15,2,1
32,1,5,66,Iris,589,1,1
47,3,9,42,Fingerprint,297,0,1
64,2,9,85,Fingerprint,906,1,1
52,7,0,92,OTP,481,1,0
42,11,8,45,Iris,296,4,1
38,2,9,53,Fingerprint,82,1,1
68,7,9,96,Fingerprint,204,1,1
19,2,8,82,Fingerprint,696,1,1
54,3,6,33,Fingerprint,192,0,1
93,1,2,50,Fingerprint,442,3,1
89,0,3,67,Fingerprint,259,3,1
25,7,8,34,Fingerprint,884,3,1
72,10,1,50,Iris,735,2,1
14,8,3,90,Iris,899,4,1
59,4,7,88,OTP,870,4,1
63,1,0,89,Fingerprint,788,3,1
94,10,7,92,Fingerprint,902,3,1
77,6,9,85,Fingerprint,256,3,1
80,0,6,51,Fingerprint,120,0,1
67,9,5,71,Iris,218,2,1
66,0,0,42,Fingerprint,858,4,1
39,7,5,56,Iris,424,4,1
39,11,5,98,OTP,826,0,1
30,4,9,49,Fingerprint,580,1,1
8,0,8,43,Iris,912,3,1
19,2,2,64,Fingerprint,621,2,0
52,11,7,53,Fingerprint,154,2,1
69,2,3,42,Fingerprint,137,4,1
44,10,3,74,Fingerprint,873,4,1
35,2,5,37,Fingerprint,180,0,1
49,1,7,86,Fingerprint,807,1,1
22,1,4,68,Iris,180,4,1
73,5,7,33,Iris,15,1,1
19,7,9,35,Fingerprint,900,2,1
15,10,0,33,Fingerprint,858,0,1
9,5,7,99,Fingerprint,202,3,1
15,10,9,32,OTP,85,0,1
77,6,9,76,Fingerprint,893,0,1
29,9,9,87,Fingerprint,648,0,1
82,2,3,77,Fingerprint,108,2,0
25,5,6,93,Fingerprint,267,3,1
46,1,5,45,Fingerprint,539,2,1
63,9,5,86,Iris,440,1,1
6,9,7,36,Fingerprint,896,3,1
67,0,7,65,Iris,846,1,1
32,5,4,59,Fingerprint,791,1,0
56,11,4,58,Fingerprint,237,3,1
81,9,4,93,Fingerprint,320,3,1
29,5,3,31,Fingerprint,793,1,0
58,3,2,63,Fingerprint,839,4,1
26,3,3,65,Fingerprint,924,3,1
24,8,3,79,Fingerprint,925,2,0
26,9,3,73,Fingerprint,819,0,0
11,3,2,60,Fingerprint,450,4,1
57,1,3,39,Fingerprint,325,0,0
35,10,7,30,Fingerprint,350,3,1
30,1,0,94,Fingerprint,190,1,0
6,9,7,33,Fingerprint,419,2,1
54,10,2,41,Fingerprint,804,0,0
70,0,1,89,Fingerprint,605,3,1
14,11,9,69,Fingerprint,370,1,1
84,5,8,56,Iris,171,1,1
70,11,7,39,Fingerprint,747,3,1
64,1,0,80,Fingerprint,417,2,0
35,8,1,58,Iris,622,3,1
28,4,9,47,Fingerprint,683,1,1
74,3,3,51,Fingerprint,857,4,1
60,8,0,74,Fingerprint,539,2,1
20,10,4,97,Fingerprint,764,3,1
91,6,0,70,Fingerprint,565,1,0
31,3,6,72,Fingerprint,296,2,1
87,5,6,61,Iris,260,3,1
9,8,5,54,Fingerprint,971,4,1
93,7,6,30,Fingerprint,864,2,1
58,7,5,45,OTP,567,2,1
62,4,0,95,Fingerprint,335,4,1
37,2,2,98,Fingerprint,213,3,1
77,6,3,48,Iris,694,2,0
90,11,3,82,Iris,52,2,1
76,9,9,55,Fingerprint,86,3,1
24,7,2,68,OTP,216,2,0
46,10,5,72,Fingerprint,911,3,1
46,11,0,88,Fingerprint,952,2,0
65,3,8,41,Iris,887,3,1
41,4,7,42,Iris,127,0,1
8,10,0,36,Fingerprint,532,3,1
91,6,1,57,Fingerprint,322,1,0
58,2,0,65,Fingerprint,556,3,1
71,3,7,80,Fingerprint,516,4,1
42,6,8,36,Fingerprint,731,0,1
78,9,8,36,Fingerprint,315,2,1
37,0,4,89,Fingerprint,922,3,1
94,3,0,79,Iris,300,4,1
87,3,1,72,Fingerprint,855,0,0
32,11,2,76,Iris,40,3,1
21,6,9,77,Fingerprint,653,2,1
16,3,1,82,Fingerprint,262,0,1
94,6,9,35,Iris,721,2,1
22,4,8,71,Fingerprint,238,3,1
31,6,8,50,Fingerprint,550,0,1
19,1,3,73,Fingerprint,268,2,0
42,4,9,62,Iris,616,1,1
86,3,0,51,Fingerprint,392,1,0
61,4,6,45,Iris,688,3,1
53,8,9,74,Iris,462,4,1
57,10,9,68,Fingerprint,976,4,1
87,9,2,35,Fingerprint,303,4,1
71,7,7,76,Fingerprint,606,2,1
91,2,8,89,Fingerprint,336,1,1
26,7,0,73,Fingerprint,500,0,0
54,11,8,89,Fingerprint,377,0,1
27,10,5,98,OTP,539,4,1
63,11,8,80,Fingerprint,681,0,1
88,11,0,97,Fingerprint,332,1,1
10,7,6,74,Fingerprint,546,3,1
86,1,1,74,Fingerprint,840,3,1
59,10,2,64,Fingerprint,547,4,1
69,2,6,52,Fingerprint,284,1,1
64,10,0,48,Fingerprint,701,4,1
41,9,2,69,Fingerprint,854,3,1
26,11,2,89,OTP,849,3,1
90,4,9,54,Fingerprint,655,2,1
47,10,6,59,OTP,667,0,1
61,6,6,74,Fingerprint,97,2,1
55,9,6,79,Fingerprint,356,2,1
61,4,9,69,Fingerprint,598,0,1
24,4,5,46,Fingerprint,971,0,1
45,5,8,67,Fingerprint,84,1,1
7,6,4,53,Fingerprint,969,0,0
92,2,0,54,Fingerprint,517,2,0
93,1,2,52,Fingerprint,537,2,0
5,9,2,63,Fingerprint,881,1,0
93,5,4,99,Fingerprint,57,2,0
35,9,9,59,Iris,283,3,1
77,3,7,38,Fingerprint,163,3,1
20,2,8,81,Iris,270,3,1
6,3,9,90,Fingerprint,17,2,1
15,2,4,71,Iris,385,4,1
78,11,7,81,Fingerprint,767,3,1
44,6,4,52,Fingerprint,995,2,0
93,1,3,84,Fingerprint,139,0,0
74,2,9,93,Fingerprint,735,2,1
66,7,8,97,Iris,501,2,1
18,0,2,36,Fingerprint,314,0,0
55,7,1,71,Fingerprint,182,4,1
31,9,1,65,Fingerprint,929,1,0
10,8,6,75,Fingerprint,547,2,1
32,2,5,90,Fingerprint,611,4,1
60,6,7,80,OTP,745,2,1
13,0,7,85,Fingerprint,44,2,1
11,10,0,73,Fingerprint,132,2,0
37,1,3,66,Fingerprint,392,0,0
52,4,2,76,Fingerprint,125,4,1
28,3,6,79,Fingerprint,507,2,1
40,6,7,32,Fingerprint,982,0,1
92,7,3,42,OTP,455,3,1
86,5,6,60,Fingerprint,930,2,1
6,0,4,85,Fingerprint,349,4,1
26,2,4,45,Iris,137,0,0
84,9,6,31,OTP,944,1,1
85,6,8,98,Fingerprint,457,2,1
41,7,8,98,Iris,843,0,1
90,5,5,63,Fingerprint,431,2,1
22,6,0,30,Fingerprint,269,4,1
31,10,0,57,Fingerprint,448,3,1
66,1,6,85,Fingerprint,449,1,1
81,0,4,72,Fingerprint,435,0,0
27,5,2,59,Iris,835,3,1
75,7,1,36,Iris,479,1,1
72,0,3,58,Iris,855,0,0
55,7,2,99,Fingerprint,993,2,0
76,0,5,53,Fingerprint,976,2,1
67,8,6,89,Fingerprint,295,4,1
79,3,2,70,Fingerprint,970,1,0
21,5,6,85,Fingerprint,577,2,1
48,1,2,30,Iris,486,4,1
55,0,4,82,Fingerprint,900,4,1
44,9,0,93,OTP,898,2,0
11,11,4,63,Fingerprint,461,2,0
14,1,0,41,Iris,809,0,0
5,5,4,87,Fingerprint,923,4,1
27,6,9,36,Fingerprint,36,1,1
83,3,6,93,Fingerprint,78,4,1
59,9,0,67,Fingerprint,343,4,1
39,2,6,58,Fingerprint,178,0,1
75,2,9,61,Fingerprint,52,0,1
65,3,5,39,Fingerprint,235,3,1
64,0,0,92,Fingerprint,828,3,1
84,8,0,93,Fingerprint,507,1,1
40,1,6,42,Fingerprint,224,3,1
67,9,0,54,Fingerprint,436,4,1
45,7,7,46,Fingerprint,834,1,1
66,7,8,97,OTP,126,1,1
62,10,4,50,Fingerprint,934,1,1
22,9,3,74,Fingerprint,82,0,0
86,10,3,76,Iris,274,4,1
23,9,3,55,Fingerprint,163,3,1
86,4,2,95,OTP,796,0,0
80,0,7,92,Iris,58,1,1
76,3,3,36,Fingerprint,877,4,1
66,0,0,54,Fingerprint,473,1,0
33,6,5,45,Fingerprint,80,0,1
94,6,0,55,Fingerprint,733,2,0
72,9,1,43,Iris,570,3,1
48,0,7,55,Fingerprint,825,3,1
70,9,8,52,Fingerprint,313,3,1
88,3,2,84,Iris,331,3,1
38,11,5,93,Fingerprint,27,3,1
55,7,6,77,Fingerprint,93,2,1
52,6,4,40,Fingerprint,396,1,0
27,4,4,38,Fingerprint,102,0,0
25,7,4,40,Iris,627,4,1
18,6,9,41,Fingerprint,128,1,1
14,9,0,46,Iris,744,2,0
16,6,3,71,Fingerprint,115,4,1
8,1,4,48,OTP,90,1,0
10,7,2,40,Fingerprint,904,3,1
6,7,9,40,Fingerprint,749,1,1
88,7,3,43,Iris,763,4,1
25,11,1,68,Iris,864,0,0
30,5,5,90,Fingerprint,565,1,1
66,9,5,46,Fingerprint,303,2,1
76,4,7,99,Fingerprint,391,0,1
60,11,8,77,Fingerprint,595,0,1
46,9,9,54,Fingerprint,747,0,1
91,6,7,62,Iris,539,0,1
88,2,2,47,Fingerprint,97,4,1
14,6,3,78,OTP,195,1,0
37,7,8,97,Iris,219,4,1
62,6,5,94,Fingerprint,555,4,1
12,1,8,34,Fingerprint,191,4,1
33,2,9,87,Fingerprint,597,1,1
81,4,5,31,Fingerprint,912,1,1
92,11,6,69,Iris,338,4,1
79,9,3,70,Fingerprint,187,1,1
11,7,2,44,Fingerprint,862,0,0
15,11,9,90,Fingerprint,230,4,1
44,6,3,60,Fingerprint,418,3,1
13,11,4,83,Fingerprint,293,2,0
81,6,9,87,Fingerprint,51,3,1
37,6,7,80,Fingerprint,386,4,1
58,2,9,41,OTP,872,1,1
40,8,6,65,Fingerprint,530,4,1
22,10,2,92,Fingerprint,235,0,0
45,1,9,98,Fingerprint,522,1,1
92,2,9,68,Fingerprint,455,3,1
63,8,3,31,OTP,753,2,1
59,7,0,86,Iris,920,2,0
84,11,3,96,Fingerprint,863,1,1
53,11,6,85,Iris,53,1,1
57,3,6,57,Fingerprint,926,0,1
41,2,1,91,Fingerprint,477,3,1
48,6,8,73,Fingerprint,516,1,1
73,6,9,71,Fingerprint,240,4,1
14,9,5,89,Iris,414,0,1
82,4,4,78,Fingerprint,78,1,0
66,3,7,67,Fingerprint,156,3,1
37,7,0,91,Fingerprint,954,3,1
14,5,8,30,Iris,228,4,1
91,3,3,83,Iris,526,4,1
51,5,8,48,Fingerprint,202,4,1
46,4,2,69,Fingerprint,648,4,1
59,3,3,73,Fingerprint,990,2,0
81,0,6,95,OTP,513,1,1
63,3,8,46,Fingerprint,267,3,1
21,4,6,68,Fingerprint,438,3,1
29,4,3,58,Fingerprint,316,4,1
46,8,2,41,Fingerprint,807,2,0
27,0,0,61,Fingerprint,280,3,1
64,2,5,56,Fingerprint,85,3,1
89,0,0,39,Fingerprint,836,3,1
22,10,1,68,Iris,91,3,1
58,1,6,65,Fingerprint,47,2,1
77,7,2,64,Fingerprint,407,3,1
43,3,8,57,Fingerprint,244,3,1
59,3,7,30,Iris,360,3,1
9,11,1,71,Fingerprint,917,1,0
78,11,9,46,Fingerprint,327,0,1
38,5,1,74,Iris,903,1,0
54,4,1,61,Fingerprint,223,1,0
71,11,0,36,Fingerprint,843,3,1
92,0,3,35,Iris,979,0,0
25,7,5,33,Iris,492,2,1
44,5,2,85,Fingerprint,305,4,1
50,10,5,46,Fingerprint,250,2,1
6,8,3,95,Fingerprint,180,2,0
26,10,6,96,Fingerprint,451,3,1
73,3,6,68,Fingerprint,834,4,1
78,0,8,69,Fingerprint,649,4,1
7,7,4,40,Iris,126,1,0
38,2,7,60,Fingerprint,848,4,1
74,8,3,86,Fingerprint,473,0,1
43,0,5,52,Fingerprint,79,1,1
88,8,0,66,Iris,298,1,1
22,5,5,66,Fingerprint,488,1,1
52,11,1,45,Fingerprint,172,1,0
17,8,4,82,Fingerprint,669,4,1
31,9,6,71,Iris,196,4,1
57,9,2,38,OTP,191,4,1
55,6,3,32,Iris,38,3,1
62,10,0,50,Fingerprint,111,1,1
79,1,0,92,Fingerprint,680,3,1
5,8,5,96,Fingerprint,907,1,1
73,8,1,63,Fingerprint,198,1,1
80,3,5,78,Fingerprint,698,2,1
9,9,4,55,Fingerprint,775,2,0
20,4,2,81,Iris,534,2,0
70,5,5,87,Fingerprint,367,0,1
12,0,4,93,Fingerprint,209,2,0
67,4,7,49,Fingerprint,311,1,1
13,9,9,58,Iris,813,3,1
41,5,6,52,Fingerprint,102,3,1
35,4,0,58,Iris,948,3,1
91,4,9,36,Fingerprint,882,2,1
50,1,8,56,OTP,851,1,1
29,5,2,35,Fingerprint,335,4,1
62,9,1,31,Fingerprint,814,3,1
28,3,0,94,Fingerprint,906,4,1
7,6,7,93,Fingerprint,931,4,1
28,9,2,53,Fingerprint,985,2,0
58,8,1,40,Iris,739,2,0
47,4,2,42,OTP,987,1,0
45,9,1,88,Fingerprint,725,0,0
37,4,1,61,OTP,507,4,1
36,11,0,89,Fingerprint,121,3,1
59,8,9,94,Fingerprint,316,2,1
57,3,3,97,OTP,190,1,0
84,8,1,51,Fingerprint,621,3,1
51,6,5,46,Iris,680,2,1
82,0,4,31,Fingerprint,247,2,0
62,6,9,80,Iris,764,0,1
86,3,6,43,Fingerprint,876,4,1
36,9,0,98,Iris,658,0,0
22,8,8,58,Fingerprint,471,0,1
46,3,1,86,Fingerprint,240,2,0
66,9,5,74,Fingerprint,963,3,1
93,8,5,97,Fingerprint,874,3,1
41,7,1,34,Fingerprint,936,4,1
36,0,2,59,Fingerprint,38,2,0
61,8,9,31,OTP,439,3,1
55,6,2,84,Fingerprint,651,4,1
45,11,1,98,Fingerprint,821,1,0
47,8,1,59,Fingerprint,463,2,0
30,8,7,82,Fingerprint,197,1,1
46,11,0,95,Fingerprint,363,1,0
89,3,7,81,Fingerprint,287,4,1
34,7,1,86,OTP,124,3,1
29,2,4,56,Fingerprint,35,2,0
54,9,6,89,Iris,988,4,1
20,6,6,55,Fingerprint,81,4,1
73,0,9,34,Fingerprint,278,3,1
27,0,1,59,OTP,726,0,0
52,0,0,67,Fingerprint,655,1,0
92,1,8,46,Fingerprint,934,1,1
82,5,5,35,Fingerprint,661,2,1
55,6,6,79,OTP,734,0,1
59,10,8,81,Fingerprint,790,1,1
62,1,2,32,Fingerprint,641,2,0
52,0,2,96,Fingerprint,338,3,1
71,10,8,97,Iris,100,3,1
16,8,1,66,Fingerprint,953,2,1
15,6,9,75,Iris,505,3,1
47,9,0,93,Iris,764,1,0
91,1,5,60,Iris,803,4,1
82,8,0,82,Fingerprint,867,1,1
42,6,4,94,Fingerprint,371,2,0
48,3,0,69,Fingerprint,908,3,1
80,1,7,75,Iris,167,4,1
89,10,4,95,Fingerprint,682,4,1
64,10,6,31,Iris,548,2,1
25,9,4,81,Fingerprint,870,3,1
24,1,8,31,Iris,35,0,1
71,0,0,80,Iris,924,3,1
61,2,2,34,Fingerprint,880,4,1
51,5,2,82,OTP,78,0,0
92,1,3,45,Fingerprint,341,4,1
43,8,7,76,Fingerprint,507,1,1
19,3,0,92,Fingerprint,217,0,0
28,1,0,47,Iris,99,4,1
20,2,9,58,Iris,791,0,1
29,4,0,52,Fingerprint,986,1,0
34,2,4,85,Fingerprint,672,0,0
22,8,0,61,Fingerprint,26,2,0
38,3,8,97,OTP,353,4,1
65,0,6,45,Iris,25,3,1
25,1,3,46,Fingerprint,143,2,0
29,1,8,82,Fingerprint,268,3,1
59,0,4,99,OTP,952,4,1
18,9,5,75,Iris,552,2,1
21,7,3,87,Fingerprint,118,2,0
63,3,1,47,OTP,146,3,1
68,7,3,83,Fingerprint,476,4,1
67,10,0,48,Fingerprint,424,2,1
41,1,9,31,Fingerprint,253,3,1
54,5,6,88,Iris,852,3,1
70,10,7,58,Fingerprint,283,1,1
78,2,8,40,Fingerprint,469,2,1
43,7,6,54,Iris,180,2,1
25,11,3,79,Iris,78,3,1
13,8,2,64,Fingerprint,963,1,0
76,2,0,72,Fingerprint,527,2,0
16,1,1,44,Fingerprint,858,3,1
36,5,2,35,Fingerprint,865,4,1
28,5,1,69,OTP,724,0,0
48,11,8,57,Fingerprint,720,4,1
15,5,9,64,Iris,51,3,1
82,1,7,37,Fingerprint,246,4,1
8,10,3,34,Fingerprint,363,1,0
41,1,6,69,Fingerprint,199,3,1
8,9,1,54,Fingerprint,677,4,1
24,2,7,96,Fingerprint,928,4,1
38,9,2,87,Fingerprint,124,1,0
52,9,8,54,Fingerprint,128,2,1
78,3,2,48,Fingerprint,222,2,0
14,2,5,32,Fingerprint,475,2,1
80,5,5,69,Iris,388,1,1
6,0,9,84,Iris,767,3,1
10,11,7,48,Fingerprint,266,2,1
37,7,4,46,Fingerprint,578,1,0
13,7,6,64,OTP,472,4,1
88,1,8,96,Fingerprint,960,1,1
15,7,6,64,Iris,47,4,1
38,11,0,62,Fingerprint,317,4,1
37,11,0,50,Fingerprint,206,1,0
17,0,3,86,Fingerprint,401,1,0
71,10,9,54,Fingerprint,226,2,1
40,6,4,85,Fingerprint,65,3,1
39,3,5,97,Iris,656,4,1
62,10,6,41,Fingerprint,576,1,1
77,8,1,84,Fingerprint,354,3,1
6,1,7,62,Iris,149,4,1
27,7,8,60,OTP,899,2,1
9,11,8,76,Fingerprint,431,2,1
41,6,1,37,Fingerprint,612,0,0
46,11,7,52,OTP,390,0,1
24,0,2,37,Fingerprint,190,4,1
94,11,6,46,Fingerprint,944,1,1
22,5,9,72,Fingerprint,235,0,1
86,7,8,60,OTP,705,0,1
74,10,3,34,Fingerprint,323,2,1
50,5,7,49,Fingerprint,48,4,1
38,10,5,62,Fingerprint,63,3,1
75,9,0,91,Fingerprint,833,0,1
42,3,1,73,Fingerprint,167,0,0
88,1,0,92,Fingerprint,915,2,0
74,10,8,91,Fingerprint,366,0,1
58,11,4,69,Fingerprint,603,4,1
68,2,5,45,Fingerprint,923,3,1
53,0,9,84,Fingerprint,685,4,1
28,6,8,36,Fingerprint,218,4,1
75,9,7,40,Fingerprint,44,3,1
61,6,2,68,Fingerprint,362,3,1
75,10,1,44,Fingerprint,555,3,1
20,6,4,50,Fingerprint,540,4,1
70,8,7,99,Fingerprint,592,0,1
87,5,6,95,Fingerprint,707,0,1
41,11,6,54,Fingerprint,202,2,1
22,9,0,94,Fingerprint,349,0,0
71,1,8,60,Fingerprint,448,4,1
30,4,0,54,Fingerprint,863,4,1
40,5,3,50,Fingerprint,494,0,0
59,6,3,62,Fingerprint,237,0,0
50,7,3,58,Fingerprint,353,2,0
23,0,1,51,Fingerprint,100,4,1
9,9,8,53,Fingerprint,636,0,1
52,11,0,69,Fingerprint,66,3,1
78,9,5,72,Fingerprint,164,1,1
41,5,0,35,Fingerprint,882,0,0
76,2,7,77,Fingerprint,975,2,1
69,11,3,87,Iris,788,3,1
43,6,3,81,Fingerprint,150,1,0
62,7,7,60,Fingerprint,787,3,1
19,2,5,96,Fingerprint,212,4,1
14,5,8,79,Fingerprint,920,1,1
92,1,7,72,Fingerprint,943,1,1
15,0,1,30,Iris,222,3,1
25,7,3,41,Iris,91,0,0
28,3,4,53,Iris,320,4,1
81,7,5,55,Fingerprint,431,0,1
79,2,2,72,Fingerprint,858,1,0
43,9,2,39,Iris,919,3,1
36,9,9,30,Fingerprint,643,1,1
85,7,6,81,Fingerprint,543,1,1
5,8,3,82,Fingerprint,901,4,1
13,8,5,47,Iris,308,0,1
87,6,4,45,Iris,558,2,0
41,0,9,91,Fingerprint,390,0,1
34,3,1,53,Fingerprint,46,3,1
81,1,7,95,Fingerprint,579,2,1
32,2,8,39,OTP,606,0,1
61,4,8,51,Fingerprint,224,3,1
10,6,1,92,Fingerprint,902,0,0
55,11,5,66,Fingerprint,178,4,1
18,3,3,37,Fingerprint,569,4,1
66,5,2,71,Fingerprint,648,1,0
43,1,0,68,Fingerprint,792,3,1
14,6,8,63,Iris,953,0,1
65,9,5,94,Fingerprint,142,0,1
21,0,1,42,Fingerprint,805,1,0
65,10,0,39,Iris,726,2,1
73,5,0,49,Iris,139,4,1
8,3,5,54,Fingerprint,991,3,1
38,10,9,51,Fingerprint,139,1,1
20,11,0,77,Iris,536,4,1
78,4,1,48,Fingerprint,388,2,0
47,3,3,50,Fingerprint,187,1,0
30,8,2,60,Fingerprint,77,4,1
82,3,9,46,Fingerprint,188,0,1
67,10,8,55,Fingerprint,354,2,1
46,8,3,52,Iris,738,1,0
20,8,2,70,Fingerprint,94,1,0
63,8,1,83,Iris,165,4,1
69,8,9,84,Fingerprint,391,1,1
16,0,2,95,Fingerprint,690,2,0
24,1,0,83,Fingerprint,113,1,0
86,8,2,37,Fingerprint,972,3,1
85,3,0,43,Iris,711,4,1
15,3,2,82,Fingerprint,724,3,1
8,10,7,76,Iris,569,2,1
56,3,3,40,Fingerprint,82,3,1
81,9,5,68,Fingerprint,284,2,1
81,9,4,95,Fingerprint,991,4,1
77,0,3,44,Fingerprint,922,4,1
85,10,7,32,Fingerprint,605,2,1
53,10,0,80,Fingerprint,807,2,0
27,0,6,44,Fingerprint,567,0,1
48,10,8,81,Iris,322,2,1
26,3,0,54,Iris,875,0,0
9,6,8,37,Fingerprint,185,4,1
65,0,5,32,Fingerprint,791,3,1
86,2,9,78,Iris,330,2,1
31,10,0,34,Iris,66,4,1
80,3,4,32,Fingerprint,50,1,0
27,6,4,45,Fingerprint,933,2,0
68,3,0,67,Iris,411,2,0
17,7,6,72,Iris,205,0,1
40,2,8,39,Fingerprint,374,3,1
67,3,8,41,Fingerprint,20,0,1
66,8,2,78,Iris,218,0,1
73,4,8,48,Fingerprint,639,1,1
6,0,9,87,Fingerprint,216,1,1
59,2,7,63,Fingerprint,83,2,1
76,11,6,97,OTP,382,1,1
72,0,0,93,Iris,728,4,1
23,7,7,40,Fingerprint,24,1,1
31,11,8,81,Iris,586,0,1
67,4,1,76,Fingerprint,762,3,1
82,11,6,83,Fingerprint,40,1,1
14,9,6,57,Iris,640,2,1
47,4,3,85,Fingerprint,760,0,0
27,7,5,53,Fingerprint,227,0,1
61,1,1,99,Fingerprint,928,1,0
13,6,8,42,Iris,812,0,1
68,3,1,64,Fingerprint,105,4,1
36,3,2,57,OTP,127,1,0
19,5,3,67,Fingerprint,613,4,1
55,8,4,85,Fingerprint,599,3,1
92,10,2,48,Iris,131,2,1
30,11,7,58,Fingerprint,53,4,1
78,8,2,31,Fingerprint,442,1,1
31,8,1,83,Iris,249,2,0
72,8,4,80,Fingerprint,559,1,1
60,9,6,39,Fingerprint,698,0,1
34,4,6,60,Fingerprint,752,1,1
27,7,5,67,Iris,804,2,1
61,0,3,76,OTP,631,4,1
90,11,7,33,Fingerprint,513,1,1
14,8,8,32,Fingerprint,791,1,1
19,1,7,93,Fingerprint,365,1,1
31,4,5,68,Iris,291,0,1
8,8,0,79,OTP,404,1,0
40,7,9,50,Fingerprint,148,2,1
5,5,5,85,Iris,814,2,1
82,9,4,87,OTP,235,1,1
85,4,0,94,Fingerprint,47,0,0
81,10,0,70,Fingerprint,442,0,1
69,11,4,35,Fingerprint,802,0,1
7,0,2,89,Fingerprint,443,1,0
60,0,3,90,Iris,853,3,1
54,2,8,79,Iris,187,4,1
19,0,6,49,Fingerprint,646,1,1
92,7,8,46,Fingerprint,485,4,1
31,5,9,90,Iris,228,3,1
57,4,9,36,OTP,829,0,1
40,5,5,46,Fingerprint,935,2,1
26,4,2,56,Fingerprint,634,2,0
84,4,9,48,OTP,694,1,1
62,7,0,73,Fingerprint,430,1,1
44,5,4,90,Iris,468,4,1
76,10,9,86,Fingerprint,481,2,1
17,2,6,38,Fingerprint,575,1,1
6,1,1,60,Fingerprint,89,2,0
11,11,4,48,Fingerprint,483,2,0
77,1,0,41,Fingerprint,895,4,1
63,3,2,87,Fingerprint,578,0,0
94,3,6,74,Fingerprint,542,2,1
56,1,3,96,Fingerprint,309,1,0
83,4,3,57,Fingerprint,60,4,1
83,0,2,76,Iris,32,1,0
39,4,9,88,Fingerprint,652,2,1
87,8,0,90,OTP,867,3,1
18,1,0,51,Iris,480,4,1
27,3,4,72,Fingerprint,291,0,0
42,7,8,58,OTP,837,2,1
65,5,2,75,Fingerprint,343,0,0
18,11,0,41,Fingerprint,879,0,1
33,4,5,60,Iris,994,0,1
14,7,9,70,Iris,396,2,1
56,1,0,57,Fingerprint,630,4,1
73,7,2,90,Iris,929,4,1
34,11,1,85,Fingerprint,106,4,1
76,3,3,63,OTP,130,4,1
30,0,3,68,Fingerprint,483,0,0
76,3,4,74,Fingerprint,392,1,0
86,3,9,41,Iris,850,2,1
94,8,9,80,OTP,763,4,1
28,8,1,50,Fingerprint,824,2,0
36,4,6,71,Iris,802,0,1
6,2,3,99,Fingerprint,98,3,1
7,6,2,55,Fingerprint,969,0,0
31,3,5,66,Fingerprint,810,4,1
76,8,5,89,Fingerprint,28,3,1
60,0,9,93,Fingerprint,589,2,1
23,4,5,38,Fingerprint,804,0,1
49,7,1,62,Fingerprint,527,0,0
9,10,1,78,Fingerprint,348,4,1
7,9,8,98,Fingerprint,988,1,1
37,1,8,45,Iris,504,0,1
82,10,4,92,Iris,169,2,1
33,11,0,93,OTP,278,4,1
7,2,0,79,Fingerprint,402,0,0
54,6,3,74,Fingerprint,235,2,0
18,2,6,90,Fingerprint,575,1,1
81,8,1,84,Fingerprint,326,0,1
53,8,3,31,Iris,187,4,1
47,7,0,41,Iris,982,4,1
11,6,7,98,Fingerprint,551,0,1
93,2,4,95,Iris,302,4,1
47,1,7,65,Fingerprint,424,0,1
81,0,6,32,Fingerprint,749,2,1
71,6,1,72,Fingerprint,495,0,0
23,2,3,72,OTP,946,2,0
94,3,0,62,Fingerprint,599,2,0
18,7,3,76,Fingerprint,487,2,1
57,6,5,66,Fingerprint,79,1,1
65,2,1,48,Fingerprint,937,4,1
44,5,6,84,Fingerprint,197,3,1
13,9,1,99,Fingerprint,611,2,0
32,7,7,73,Fingerprint,995,2,1
45,1,8,90,Fingerprint,970,3,1
80,8,3,67,Fingerprint,326,0,1
74,1,3,44,Fingerprint,278,2,0
75,0,1,61,Iris,508,0,0
66,5,5,94,Fingerprint,526,1,1
78,2,4,75,Iris,150,1,0
74,7,3,54,Fingerprint,440,2,1
17,4,0,48,Fingerprint,42,3,1
7,10,3,57,OTP,448,0,0
20,7,4,70,Fingerprint,184,3,1
35,11,1,73,Iris,931,0,0
64,1,0,85,Fingerprint,68,3,1
43,10,1,46,Fingerprint,592,1,0
80,2,8,97,Fingerprint,169,3,1
8,5,5,92,Fingerprint,908,4,1
66,0,8,91,Fingerprint,534,2,1
60,2,5,45,Fingerprint,822,3,1
46,8,6,44,Iris,476,2,1
70,9,6,85,Fingerprint,655,3,1
22,3,8,36,Fingerprint,73,2,1
45,7,2,46,Fingerprint,119,4,1
56,5,3,35,Fingerprint,404,1,0
92,11,2,60,Fingerprint,940,2,1
66,0,8,56,Iris,893,4,1
39,11,6,38,Fingerprint,542,3,1
55,2,6,73,Fingerprint,870,0,1
91,11,7,67,Iris,536,0,1
5,0,8,58,Fingerprint,438,2,1
75,11,5,49,Fingerprint,90,3,1
5,1,4,69,Fingerprint,151,3,1
91,11,7,35,Fingerprint,540,4,1
83,7,6,39,Fingerprint,946,0,1
60,11,9,84,Fingerprint,779,3,1
11,9,7,67,Iris,264,1,1
47,9,6,53,Fingerprint,845,4,1
59,9,2,55,Fingerprint,743,2,0
34,2,9,72,OTP,570,0,1
45,9,5,98,Fingerprint,100,2,1
36,3,9,42,Iris,684,4,1
12,8,5,50,Fingerprint,523,1,1
70,1,2,80,Fingerprint,258,1,0
29,1,9,40,Fingerprint,163,0,1
60,3,3,31,Fingerprint,932,1,0
82,3,0,42,Fingerprint,245,1,0
35,5,9,50,Fingerprint,800,2,1
78,8,3,75,Fingerprint,861,4,1
75,5,1,92,Iris,908,1,0
14,10,6,46,Fingerprint,771,1,1
19,2,0,91,Iris,616,2,0
76,11,5,54,Iris,840,3,1
55,5,7,97,Fingerprint,95,3,1
27,3,3,33,OTP,772,4,1
60,8,1,88,Fingerprint,537,0,1
91,1,1,62,Iris,646,0,0
62,1,9,44,OTP,706,2,1
64,8,1,65,Iris,813,2,1
74,9,3,51,Fingerprint,893,4,1
30,10,7,32,Fingerprint,646,3,1
56,10,9,43,Fingerprint,756,3,1
14,2,8,95,Fingerprint,827,1,1
47,9,0,51,Fingerprint,75,0,0
20,5,8,47,OTP,606,2,1
72,8,9,90,Fingerprint,363,0,1
9,4,3,34,Fingerprint,262,0,0
31,9,9,90,Fingerprint,655,0,1
74,10,7,88,Fingerprint,98,2,1
54,3,7,77,Fingerprint,700,3,1
78,1,3,99,Fingerprint,793,2,0
23,1,8,70,OTP,231,2,1
63,0,3,57,Iris,369,2,0
61,5,0,37,Fingerprint,500,4,1
29,6,8,39,Fingerprint,426,0,1
14,11,5,46,Fingerprint,219,1,1
84,7,7,58,Fingerprint,89,2,1
39,0,1,66,Fingerprint,750,1,0
68,0,8,63,Iris,649,3,1
60,4,0,77,Fingerprint,121,2,0
16,4,9,90,Iris,959,1,1
39,0,9,54,Fingerprint,260,2,1
56,7,4,61,Fingerprint,78,3,1
22,2,0,85,Fingerprint,918,4,1
41,4,4,32,OTP,701,3,1
40,0,9,77,Fingerprint,945,0,1
60,10,9,41,Fingerprint,629,2,1
43,11,3,77,Iris,893,1,0
33,9,8,77,Fingerprint,193,0,1
38,7,8,36,Iris,752,1,1
15,11,9,71,Fingerprint,264,4,1
24,1,3,98,Fingerprint,773,3,1
44,5,1,79,Iris,880,1,0
66,5,4,30,Fingerprint,815,2,0
84,2,2,71,OTP,675,4,1
22,2,9,32,Iris,484,1,1
93,7,7,38,Fingerprint,103,4,1
57,7,4,69,Fingerprint,583,4,1
46,1,3,46,Fingerprint,66,1,0
94,4,0,60,Fingerprint,655,3,1
75,1,4,43,OTP,125,0,0
85,11,5,48,Fingerprint,190,4,1
63,8,8,93,Iris,409,3,1
41,4,3,67,OTP,858,2,0
56,8,1,59,Fingerprint,660,2,0
43,7,2,47,Fingerprint,481,2,0
16,0,5,73,Iris,86,0,1
11,5,7,48,Iris,380,0,1
44,10,7,77,OTP,446,1,1
49,9,6,58,Fingerprint,400,4,1
22,6,5,88,Fingerprint,764,3,1
91,10,9,81,Iris,17,2,1
7,4,3,43,Fingerprint,35,2,0
44,2,4,61,Iris,214,2,0
12,8,7,61,OTP,727,4,1
88,10,4,74,Fingerprint,802,1,1
50,7,0,36,Iris,186,2,0
17,8,7,85,Iris,835,2,1
20,7,6,74,OTP,506,2,1
57,6,2,35,Fingerprint,309,1,0
49,7,9,51,Fingerprint,312,4,1
49,11,8,53,OTP,534,2,1
75,7,4,65,Iris,986,4,1
38,3,7,50,Fingerprint,458,0,1
55,5,9,88,Iris,794,4,1
28,0,4,80,Fingerprint,961,1,0
73,11,8,50,OTP,925,4,1
80,6,4,66,Fingerprint,35,1,0
77,10,3,50,Fingerprint,497,0,1
19,4,2,78,Fingerprint,302,0,0
51,11,3,82,Fingerprint,85,0,0
24,4,5,59,Iris,241,3,1
84,3,6,41,Fingerprint,761,4,1
25,9,9,92,Fingerprint,480,4,1
57,3,8,82,Fingerprint,829,2,1
46,3,4,34,Fingerprint,741,0,0
8,1,2,50,Fingerprint,766,1,0
13,3,9,32,Iris,265,0,1
67,6,6,63,Iris,846,2,1
32,2,5,33,Fingerprint,54,2,1
69,8,0,94,Fingerprint,803,4,1
27,9,7,93,Fingerprint,900,0,1
78,3,8,76,Fingerprint,958,0,1
62,2,7,41,Iris,38,4,1
64,10,8,32,Iris,573,3,1
93,11,9,48,Fingerprint,243,4,1
42,2,2,39,Fingerprint,404,1,0
81,4,3,42,Fingerprint,107,4,1
5,11,9,41,Fingerprint,53,2,1
48,1,1,54,Fingerprint,457,3,1
94,9,1,64,OTP,284,2,1
12,9,2,67,Fingerprint,96,1,0
32,9,9,76,Fingerprint,331,2,1
59,9,2,57,Fingerprint,156,4,1
24,10,0,83,Fingerprint,476,3,1
90,6,4,68,Fingerprint,309,1,0
16,1,9,96,Fingerprint,721,3,1
85,11,8,39,Fingerprint,111,0,1
90,11,4,93,Fingerprint,743,2,1
64,1,9,77,Fingerprint,883,2,1
37,11,4,65,Fingerprint,926,1,0
34,11,2,78,Fingerprint,673,1,0
78,7,3,57,Fingerprint,52,4,1
39,6,1,90,Fingerprint,841,0,0
40,2,4,96,OTP,860,1,0
68,5,0,57,OTP,467,2,0
67,8,5,77,Iris,231,4,1
30,10,5,50,Iris,598,4,1
21,4,6,88,Fingerprint,533,4,1
9,8,7,43,Fingerprint,883,3,1
30,4,2,76,Fingerprint,638,1,0
57,2,9,34,OTP,169,1,1
24,7,1,30,Fingerprint,230,2,0
10,11,6,79,Fingerprint,465,3,1
18,4,8,69,Fingerprint,217,4,1
84,6,0,62,Iris,888,3,1
36,2,6,53,OTP,889,1,1
92,0,4,80,Fingerprint,36,1,0
68,6,4,59,Iris,178,3,1
29,1,3,47,Fingerprint,691,1,0
36,4,9,66,Fingerprint,22,0,1
92,11,7,66,Fingerprint,741,0,1
30,7,5,75,Iris,606,2,1
22,2,1,34,OTP,259,2,0
51,0,9,62,OTP,856,3,1
10,11,8,44,Fingerprint,329,3,1
60,11,6,38,Fingerprint,209,0,1
25,6,8,31,OTP,772,3,1
54,2,7,41,Fingerprint,291,1,1
59,7,7,43,Iris,649,0,1
65,11,0,42,Fingerprint,761,0,1
29,8,5,72,Fingerprint,96,0,1
64,10,3,35,Fingerprint,905,1,1
44,7,7,63,Iris,237,3,1
50,5,6,69,Fingerprint,188,4,1
88,0,6,53,Iris,175,4,1
46,5,4,93,Fingerprint,864,3,1
57,8,8,38,Iris,687,2,1
53,3,0,83,Fingerprint,541,0,0
90,6,7,57,Fingerprint,210,0,1
84,9,2,73,Fingerprint,382,0,1
5,2,3,57,Fingerprint,853,4,1
21,7,3,87,Fingerprint,600,3,1
83,1,5,46,Fingerprint,514,3,1
63,4,6,62,Fingerprint,727,0,1
87,0,0,42,Fingerprint,463,2,0
27,9,2,48,Iris,96,3,1
87,9,8,97,Iris,71,4,1
54,3,9,55,Fingerprint,786,4,1
54,5,0,51,Iris,531,0,0
25,5,1,95,Fingerprint,274,2,0
30,4,3,55,Fingerprint,147,2,0
58,7,6,44,OTP,923,2,1
19,4,7,93,Iris,601,1,1
17,11,8,92,Iris,484,4,1
47,5,2,93,Iris,299,3,1
83,0,8,42,Fingerprint,617,4,1
69,9,4,34,Iris,764,4,1
22,4,5,39,Iris,632,4,1
64,8,6,51,Fingerprint,129,3,1
43,9,6,99,Fingerprint,673,0,1
74,4,8,89,OTP,102,3,1
51,2,0,56,Fingerprint,71,3,1
63,7,6,76,Iris,743,0,1
49,0,5,40,Fingerprint,452,1,1
59,3,0,46,Fingerprint,709,3,1
50,11,0,72,Fingerprint,251,4,1
64,9,9,98,Fingerprint,542,2,1
66,8,4,31,Fingerprint,890,1,1
46,3,0,97,Fingerprint,852,4,1
51,4,8,78,Fingerprint,171,0,1
22,2,7,46,OTP,102,1,1
76,0,4,36,Fingerprint,33,3,1
24,2,4,44,Iris,145,4,1
69,8,8,55,Fingerprint,43,0,1
17,4,8,30,Iris,56,3,1
67,3,9,57,Fingerprint,143,2,1
16,3,2,75,Fingerprint,360,3,1
82,2,0,96,Fingerprint,796,2,0
73,9,8,62,Fingerprint,364,2,1
28,2,2,99,Iris,630,3,1
72,0,7,65,Iris,668,2,1
16,10,8,54,Fingerprint,12,3,1
52,2,9,69,Fingerprint,916,3,1
17,5,2,76,Iris,414,1,1
25,8,7,89,Fingerprint,488,3,1
94,3,5,56,Iris,495,3,1
19,10,2,39,Fingerprint,985,0,0
15,4,4,93,Fingerprint,59,1,1
73,6,6,85,Fingerprint,569,0,1
74,3,5,91,Fingerprint,19,0,1
33,3,7,71,Fingerprint,123,4,1
37,4,5,86,Fingerprint,335,2,1
37,3,0,60,Fingerprint,996,4,1
70,11,5,46,Fingerprint,589,4,1
15,0,8,71,Fingerprint,702,2,1
67,0,7,88,Fingerprint,829,1,1
20,1,4,32,Fingerprint,602,2,0
54,5,7,76,Iris,564,2,1
9,11,4,99,Fingerprint,631,2,0
60,10,8,38,Iris,227,2,1
5,8,4,45,Fingerprint,468,1,0
59,0,9,57,Iris,850,3,1
12,9,0,71,Fingerprint,732,0,0
89,7,7,89,Fingerprint,888,1,1
36,9,6,69,Iris,113,4,1
83,9,2,92,Fingerprint,164,0,1
43,0,6,36,OTP,76,4,1
75,4,4,86,Iris,223,0,0
8,7,6,77,Fingerprint,780,2,1
32,0,9,78,Fingerprint,135,0,1
57,6,5,83,Fingerprint,890,0,1
11,2,1,45,Fingerprint,655,4,1
9,7,6,61,Fingerprint,423,0,1
64,10,4,57,Fingerprint,285,1,1
86,11,6,72,Iris,980,0,1
41,3,5,83,Iris,887,1,1
88,11,8,61,Iris,190,3,1
40,7,7,51,Fingerprint,129,3,1
29,4,0,62,Fingerprint,755,1,0
40,0,3,97,Fingerprint,530,2,0
73,6,5,77,Iris,512,3,1
84,4,6,80,Fingerprint,347,4,1
51,2,7,39,Fingerprint,825,2,1
91,0,6,45,Fingerprint,877,3,1
73,5,4,78,Fingerprint,395,2,0
25,7,4,83,Fingerprint,21,0,0
42,6,1,94,Fingerprint,878,3,1
85,0,3,39,Fingerprint,474,3,1
17,11,6,93,Fingerprint,62,1,1
61,8,1,87,OTP,502,4,1
79,0,2,38,Fingerprint,588,4,1
40,6,6,73,Fingerprint,197,4,1
90,9,9,69,Fingerprint,74,2,1
54,1,4,71,Fingerprint,627,4,1
89,9,3,37,Fingerprint,277,4,1
37,9,9,69,Fingerprint,280,1,1
15,6,1,94,Fingerprint,281,1,1
51,0,9,87,OTP,473,2,1
47,4,1,87,Iris,609,2,0
72,5,7,69,Fingerprint,587,1,1
91,9,4,91,Fingerprint,628,4,1
72,6,7,63,Fingerprint,946,4,1
8,2,3,68,Iris,378,4,1
32,6,0,63,Iris,71,1,0
28,6,4,76,Fingerprint,130,4,1
7,2,2,43,Fingerprint,346,2,0
49,7,2,93,Fingerprint,984,1,0
78,2,4,32,OTP,435,2,0
54,2,7,46,Fingerprint,971,3,1
10,1,4,64,Fingerprint,784,4,1
41,6,0,37,OTP,697,1,0
28,9,9,82,Fingerprint,460,1,1
25,8,9,65,Fingerprint,242,0,1
49,11,0,89,Fingerprint,476,2,0
87,10,9,50,Fingerprint,139,3,1
24,1,6,42,Fingerprint,514,3,1
94,9,1,76,Fingerprint,611,0,1
18,2,1,55,Fingerprint,561,3,1
55,10,0,62,Fingerprint,637,3,1
15,10,5,75,OTP,247,1,1
65,1,5,38,Fingerprint,649,1,1
10,4,2,65,Fingerprint,802,2,0
54,4,7,98,OTP,609,0,1
10,11,3,41,Fingerprint,584,3,1
10,2,1,72,Fingerprint,264,2,0
42,3,8,92,Fingerprint,191,4,1
75,11,4,33,Fingerprint,643,3,1
72,5,2,91,OTP,281,0,0
57,8,6,38,OTP,562,1,1
59,5,4,49,Fingerprint,593,1,0
38,8,4,48,Fingerprint,219,3,1
85,4,8,87,Fingerprint,898,3,1
24,8,3,56,Fingerprint,778,0,0
13,3,1,61,Fingerprint,551,3,1
64,0,8,34,Fingerprint,685,0,1
28,3,1,97,Fingerprint,656,1,0
47,8,3,43,Fingerprint,745,2,0
41,6,6,54,Fingerprint,781,1,1
83,9,4,45,OTP,678,3,1
22,9,8,45,Fingerprint,907,3,1
9,9,5,42,Iris,512,0,1
68,2,9,75,Fingerprint,510,3,1
85,8,6,86,Fingerprint,80,0,1
30,4,6,75,Iris,431,4,1
76,6,5,62,Fingerprint,783,3,1
41,4,7,42,Fingerprint,869,1,1
61,2,5,61,Fingerprint,470,0,1
79,0,7,95,Fingerprint,113,1,1
90,4,7,80,Fingerprint,483,3,1
67,6,7,47,Iris,475,3,1
13,9,8,65,Fingerprint,471,2,1
61,5,2,86,Fingerprint,665,3,1
27,0,5,59,Fingerprint,87,3,1
19,1,4,69,Fingerprint,450,1,0
20,11,1,30,Iris,936,3,1
37,6,1,52,OTP,480,1,0
49,6,0,41,Fingerprint,961,3,1
24,7,4,97,Fingerprint,805,1,0
30,2,9,90,Iris,306,3,1
86,0,5,95,Fingerprint,549,3,1
70,4,1,72,Iris,24,0,0
75,3,1,64,Fingerprint,991,2,0
28,3,6,83,OTP,156,2,1
39,0,9,58,OTP,794,0,1
61,1,8,90,Fingerprint,192,3,1
41,10,2,60,Fingerprint,623,0,0
48,3,8,51,Iris,465,2,1
15,10,7,85,Fingerprint,30,1,1
12,6,7,89,Fingerprint,299,2,1
17,6,5,56,Iris,630,0,1
87,10,4,59,Iris,815,4,1
69,2,9,72,Fingerprint,209,4,1
43,11,2,33,Iris,86,3,1
9,6,4,49,Fingerprint,299,1,0
38,2,0,34,Fingerprint,773,4,1
76,10,5,42,Iris,824,2,1
58,5,3,84,Fingerprint,683,2,0
7,0,1,54,Fingerprint,33,0,0
24,2,0,69,Fingerprint,297,3,1
31,3,0,92,Fingerprint,794,0,0
85,1,3,52,Fingerprint,918,0,0
24,5,3,52,Fingerprint,588,1,0
50,0,2,44,Fingerprint,87,1,0
22,5,4,69,Fingerprint,523,0,0
90,7,7,95,Iris,239,0,1
86,7,8,70,Fingerprint,269,0,1
88,7,7,36,Fingerprint,447,4,1
82,11,1,56,Iris,317,3,1
22,6,4,67,Fingerprint,737,3,1
20,11,5,45,Fingerprint,210,0,1
56,6,1,41,Fingerprint,799,2,0
53,3,0,95,Fingerprint,223,0,0
77,8,5,80,Fingerprint,699,1,1
42,7,1,68,Fingerprint,794,3,1
55,3,8,42,Fingerprint,377,0,1
12,3,4,72,Iris,510,4,1
27,2,1,80,Fingerprint,625,3,1
73,3,8,40,Fingerprint,248,4,1
56,6,0,67,Fingerprint,272,1,0
33,5,4,62,Iris,600,1,0
49,7,5,58,Fingerprint,378,2,1
69,11,3,81,Fingerprint,593,2,1
10,11,2,47,Fingerprint,290,2,0
48,9,3,48,Fingerprint,168,0,0
78,4,8,95,Fingerprint,801,4,1
64,8,1,85,Iris,759,2,1
85,3,6,45,Fingerprint,330,2,1
24,2,4,41,Fingerprint,229,2,0
87,4,9,34,Fingerprint,37,1,1
53,9,4,30,Iris,249,1,0
83,6,0,55,Iris,86,0,0
76,4,5,52,OTP,727,2,1
15,11,5,95,Iris,256,3,1
32,11,5,36,Iris,660,2,1
70,8,1,80,Fingerprint,520,4,1
16,1,8,77,Fingerprint,449,2,1
76,11,4,62,Fingerprint,575,4,1
82,0,5,89,Fingerprint,355,0,1
83,3,4,47,Iris,899,4,1
34,1,2,54,Fingerprint,143,3,1
91,5,9,70,Fingerprint,173,0,1
20,7,9,43,Fingerprint,889,3,1
59,3,7,54,Fingerprint,652,4,1
30,7,5,67,Fingerprint,487,2,1
39,7,0,62,Fingerprint,403,0,0
42,11,4,35,Fingerprint,280,3,1
47,2,1,58,Fingerprint,124,3,1
21,2,9,72,Iris,428,4,1
89,11,6,34,Fingerprint,894,1,1
76,11,3,80,Fingerprint,801,0,1
48,8,7,88,Fingerprint,852,1,1
90,10,1,69,Fingerprint,184,3,1
72,7,3,65,Fingerprint,549,1,1
83,3,5,64,Fingerprint,940,3,1
57,8,5,88,Iris,635,3,1
72,3,8,40,OTP,223,2,1
30,10,3,68,Iris,643,2,0
60,7,6,56,Fingerprint,439,0,1
90,1,6,80,Iris,354,1,1
81,5,5,70,Fingerprint,200,4,1
18,4,8,68,Fingerprint,268,0,1
23,1,1,76,Iris,194,2,0
58,10,9,57,Fingerprint,441,3,1
23,0,2,36,Iris,692,4,1
62,7,9,71,Fingerprint,283,1,1
88,4,2,74,Fingerprint,288,2,0
72,2,5,86,Fingerprint,376,3,1
92,4,8,84,Fingerprint,72,0,1
53,8,6,94,Fingerprint,18,3,1
32,9,7,44,Fingerprint,559,3,1
68,1,2,32,Fingerprint,612,4,1
42,4,5,44,Fingerprint,806,3,1
21,8,2,47,Fingerprint,430,3,1
16,10,3,30,Fingerprint,264,4,1
13,5,2,84,Fingerprint,381,2,0
43,3,6,56,Iris,810,3,1
24,7,2,87,OTP,991,4,1
13,3,8,92,Fingerprint,905,1,1
18,10,5,37,Fingerprint,321,2,1
50,11,5,60,Fingerprint,80,0,1
21,3,4,71,Fingerprint,894,2,0
10,3,2,64,Fingerprint,210,4,1
34,3,3,31,Fingerprint,849,4,1
13,0,1,61,Fingerprint,902,4,1
13,4,4,81,Fingerprint,37,3,1
68,1,8,64,Fingerprint,176,1,1
92,3,6,46,Iris,735,3,1
60,4,4,31,Fingerprint,357,0,0
58,10,8,65,Fingerprint,330,1,1
76,8,9,57,Fingerprint,799,0,1
93,1,4,63,Fingerprint,595,0,0
56,11,3,53,Fingerprint,739,1,0
14,0,4,31,Iris,548,0,0
52,9,7,38,Fingerprint,976,0,1
85,3,6,72,Iris,101,2,1
48,6,7,36,Fingerprint,68,4,1
90,0,0,91,Fingerprint,438,1,0
64,5,9,31,OTP,535,4,1
60,11,6,57,Fingerprint,525,1,1
54,2,0,46,OTP,57,4,1
38,2,0,76,Fingerprint,498,1,0
93,9,7,43,Fingerprint,749,3,1
82,9,0,90,OTP,19,2,1
38,11,7,94,Fingerprint,973,0,1
27,10,1,86,Fingerprint,905,2,0
21,4,3,37,Fingerprint,113,2,0
48,11,6,70,Fingerprint,777,1,1
78,3,0,46,Fingerprint,446,4,1
57,4,0,75,Fingerprint,958,0,0
68,0,2,94,Fingerprint,847,1,0
63,8,5,34,Fingerprint,213,2,1
19,3,9,75,OTP,73,4,1
13,10,8,71,Fingerprint,82,3,1
78,5,8,90,Fingerprint,689,2,1
69,9,5,89,Iris,634,1,1
74,10,9,68,Fingerprint,552,3,1
84,5,2,95,Iris,916,1,0
39,2,5,66,Iris,724,2,1
76,3,9,33,Fingerprint,973,3,1
13,9,5,54,Fingerprint,68,4,1
42,4,2,43,Fingerprint,408,2,0
50,8,6,43,Fingerprint,536,3,1
38,7,0,98,Fingerprint,925,1,0
6,1,8,43,Fingerprint,753,4,1
40,2,5,63,Fingerprint,213,0,1
21,9,8,47,Iris,87,1,1
22,0,6,39,Iris,908,2,1
74,3,2,47,Fingerprint,957,3,1
48,2,2,97,Fingerprint,150,1,0
34,2,5,77,Fingerprint,370,0,1
86,2,6,86,Iris,88,0,1
91,3,3,33,Fingerprint,14,0,0
65,10,6,42,Fingerprint,977,0,1
48,11,1,39,Fingerprint,59,3,1
34,1,3,78,Fingerprint,544,1,0
65,3,6,96,Fingerprint,324,4,1
6,4,5,65,Fingerprint,819,4,1
79,6,1,78,OTP,20,1,0
19,10,8,54,Iris,869,0,1
78,9,1,95,Fingerprint,252,4,1
70,10,9,79,Fingerprint,704,3,1
90,6,0,51,Fingerprint,986,3,1
56,3,9,65,Fingerprint,658,4,1
44,7,3,60,Fingerprint,418,4,1
9,2,7,38,Fingerprint,770,0,1
76,2,4,68,Fingerprint,220,0,0
23,10,9,96,Fingerprint,155,0,1
62,5,1,39,Iris,263,3,1
17,6,1,33,OTP,261,2,1
57,1,3,94,Fingerprint,106,2,0
43,2,9,73,Fingerprint,342,3,1
34,11,3,67,Fingerprint,573,4,1
38,6,8,66,Fingerprint,344,0,1
49,0,4,65,Fingerprint,945,4,1
28,0,6,51,Fingerprint,536,1,1
29,4,4,95,Fingerprint,809,4,1
48,2,1,43,Iris,299,3,1
13,6,2,42,Fingerprint,705,0,0
40,4,7,32,Fingerprint,933,0,1
80,2,2,37,Fingerprint,700,3,1
28,5,6,86,OTP,492,4,1
79,2,9,77,Fingerprint,915,0,1
71,4,8,73,Iris,437,0,1
25,11,2,50,Fingerprint,30,2,0
10,8,0,87,Fingerprint,586,1,0
79,2,9,91,OTP,200,3,1
6,9,9,85,Fingerprint,96,1,1
27,11,0,59,Iris,430,0,0
48,2,5,60,Iris,158,3,1
23,4,1,74,OTP,685,3,1
78,7,5,43,Fingerprint,734,2,1
19,0,7,84,OTP,19,1,1
15,5,8,48,Fingerprint,493,4,1
94,7,7,37,Fingerprint,953,1,1
59,8,9,91,Fingerprint,313,3,1
12,0,5,76,Iris,212,4,1
28,1,3,57,Fingerprint,295,0,0
86,4,5,85,Fingerprint,904,3,1
57,11,3,63,Fingerprint,713,4,1
21,4,1,69,OTP,268,0,0
94,6,5,57,Fingerprint,775,1,1
23,5,6,61,Iris,186,0,1
33,10,2,80,Fingerprint,905,2,0
86,2,5,96,Fingerprint,658,3,1
81,5,4,50,Fingerprint,55,0,0
85,7,6,59,Fingerprint,226,2,1
12,4,2,37,Fingerprint,501,2,0
34,3,6,73,Fingerprint,599,4,1
52,6,9,45,Fingerprint,377,2,1
39,11,2,36,Iris,631,1,0
50,3,5,90,Iris,163,1,1
24,1,1,81,Iris,671,4,1
70,7,4,72,Iris,726,0,1
11,8,5,94,Fingerprint,343,3,1
68,3,8,78,Fingerprint,200,4,1
36,7,4,45,Fingerprint,292,0,0
39,0,3,44,Fingerprint,868,0,0
70,0,1,60,Fingerprint,878,0,0
38,2,6,88,Fingerprint,87,2,1
33,3,0,46,Fingerprint,867,1,0
63,10,9,39,Fingerprint,927,3,1
55,0,2,41,Fingerprint,318,4,1
41,0,9,78,OTP,600,2,1
64,6,6,87,Iris,603,3,1
7,2,5,62,Fingerprint,458,4,1
30,7,1,67,Fingerprint,814,1,0
53,2,3,73,Fingerprint,964,0,0
22,5,2,87,Fingerprint,225,4,1
93,3,1,48,Fingerprint,467,4,1
27,3,6,44,Iris,864,3,1
43,7,7,47,Iris,932,3,1
62,4,6,36,Iris,19,1,1
28,8,0,46,Fingerprint,932,0,0
16,4,2,39,Fingerprint,580,3,1
6,6,7,90,Fingerprint,333,4,1
66,11,3,70,OTP,987,0,1
69,5,1,77,Iris,46,2,0
9,1,6,96,Fingerprint,865,2,1
93,7,2,79,Fingerprint,41,0,1
18,3,3,57,Fingerprint,747,4,1
43,11,8,61,Fingerprint,259,0,1
91,6,9,35,Iris,125,2,1
83,11,9,57,Fingerprint,517,0,1
19,4,7,33,Fingerprint,317,2,1
49,3,9,82,Fingerprint,706,1,1
47,9,8,59,Fingerprint,170,1,1
68,4,0,44,Fingerprint,447,1,0
37,9,8,68,Fingerprint,704,1,1
42,6,2,58,Iris,389,2,0
75,3,6,66,Iris,237,4,1
54,0,1,91,Fingerprint,705,0,0
48,9,3,99,OTP,43,4,1
8,11,1,68,Fingerprint,225,1,0
40,6,9,87,Fingerprint,650,3,1
29,4,2,97,Fingerprint,378,0,0
18,6,8,44,Fingerprint,648,4,1
76,4,8,48,Fingerprint,872,3,1
7,0,6,44,Iris,695,1,1
85,7,2,68,Fingerprint,935,2,1
61,1,3,43,Fingerprint,963,1,0
43,4,2,81,Fingerprint,518,3,1
44,4,5,44,Fingerprint,125,3,1
46,0,5,84,OTP,120,0,1
31,3,8,98,OTP,808,2,1
10,11,9,91,OTP,876,1,1
44,0,8,65,Iris,451,4,1
91,1,0,65,Fingerprint,537,1,0
84,6,7,99,Fingerprint,390,4,1
42,11,9,30,OTP,127,2,1
78,6,6,65,Fingerprint,123,2,1
78,2,1,97,Fingerprint,294,0,0
31,4,8,44,Fingerprint,680,4,1
45,11,9,80,Fingerprint,730,2,1
18,0,8,30,OTP,699,1,1
63,0,2,69,Fingerprint,971,1,0
13,3,4,54,Fingerprint,181,0,0
66,11,9,86,Fingerprint,814,3,1
30,3,8,58,Fingerprint,157,2,1
48,2,0,51,Fingerprint,608,1,0
86,7,6,63,Iris,666,3,1
79,8,0,84,Fingerprint,126,4,1
72,11,9,90,Iris,605,1,1
22,4,4,56,Iris,627,0,0
15,1,6,92,Fingerprint,478,1,1
23,3,1,58,Iris,854,2,0
53,0,5,81,Iris,858,4,1
19,1,6,77,Iris,314,3,1
69,0,6,94,Iris,319,1,1
72,6,5,72,Fingerprint,880,0,1
21,1,0,98,Iris,307,1,0
12,9,4,77,Fingerprint,735,3,1
66,8,0,49,Iris,629,0,1
28,11,0,49,Fingerprint,329,3,1
21,3,2,88,Fingerprint,821,2,0
6,9,3,46,Fingerprint,359,4,1
42,2,7,64,Fingerprint,388,3,1
12,6,1,69,Fingerprint,680,3,1
65,3,5,65,OTP,192,4,1
51,9,7,51,Fingerprint,67,1,1
22,9,6,55,Iris,206,0,1
17,8,7,37,Fingerprint,666,0,1
88,2,5,92,OTP,649,4,1
56,1,7,69,Fingerprint,980,0,1
93,1,0,61,OTP,868,3,1
27,1,4,59,Iris,665,2,0
62,7,8,52,OTP,906,0,1
85,3,9,70,Fingerprint,726,3,1
50,10,8,62,Fingerprint,909,0,1
38,10,4,93,Fingerprint,658,0,0
64,2,3,33,Fingerprint,272,1,0
14,4,9,68,OTP,284,3,1
90,4,7,59,Fingerprint,998,4,1
52,9,1,88,Iris,57,3,1
38,5,6,82,Fingerprint,397,4,1
53,7,7,84,Fingerprint,44,0,1
36,7,7,36,Fingerprint,484,4,1
94,9,9,55,Fingerprint,297,2,1
56,3,6,69,Fingerprint,23,3,1
90,1,2,82,Iris,77,4,1
56,1,4,66,Fingerprint,42,3,1
92,11,7,78,Fingerprint,570,0,1
70,8,3,80,Fingerprint,885,1,1
77,4,3,58,Iris,485,4,1
76,3,7,90,Fingerprint,463,2,1
77,6,3,34,Fingerprint,24,1,0
11,7,5,85,OTP,955,0,1
88,6,2,34,Iris,355,2,0
73,2,0,51,Iris,163,1,0
5,10,8,52,Iris,515,1,1
44,1,4,35,Fingerprint,517,1,0
71,1,0,30,OTP,558,2,0
52,10,2,59,Fingerprint,203,1,0
43,10,2,75,Fingerprint,493,0,0
78,4,7,47,Fingerprint,711,1,1
77,6,0,55,Fingerprint,799,1,0
73,2,1,80,Fingerprint,692,3,1
86,7,5,36,Fingerprint,859,4,1
43,2,8,52,Iris,609,1,1
77,7,5,36,Fingerprint,391,1,1
6,2,2,62,Fingerprint,467,4,1
10,2,4,64,Fingerprint,924,4,1
15,9,0,65,Fingerprint,873,4,1
64,1,0,43,Iris,828,3,1
40,0,2,71,Fingerprint,733,3,1
34,6,5,79,Fingerprint,129,2,1
18,10,3,35,Iris,234,2,1
92,1,2,91,Fingerprint,92,4,1
60,1,5,97,Fingerprint,587,0,1
66,11,9,74,Fingerprint,76,0,1
14,11,1,87,Fingerprint,458,2,0
93,9,0,46,Iris,591,0,1
25,6,6,56,Fingerprint,805,1,1
51,1,5,39,Fingerprint,810,2,1
17,5,4,67,Fingerprint,47,0,1
63,11,2,84,Fingerprint,913,3,1
90,2,4,87,Fingerprint,76,2,0
33,6,0,81,Fingerprint,142,0,0
10,0,5,33,Fingerprint,969,4,1
49,9,7,69,Iris,614,4,1
85,6,6,38,Fingerprint,316,3,1
35,6,9,32,Fingerprint,577,0,1
65,1,9,76,Fingerprint,999,0,1
66,8,5,94,Fingerprint,76,0,1
64,0,7,91,Fingerprint,998,0,1
58,8,3,75,Iris,538,1,0
40,9,6,45,Iris,802,0,1
33,7,5,30,Fingerprint,394,2,1
67,8,2,94,Fingerprint,286,4,1
52,5,5,33,Fingerprint,437,0,1
83,9,2,81,Fingerprint,586,0,1
22,1,0,51,OTP,739,0,0
67,10,5,43,Iris,673,0,1
91,2,1,44,Iris,509,3,1
8,9,5,86,Fingerprint,631,2,1
78,9,4,96,OTP,536,0,1
23,11,7,98,OTP,825,2,1
48,1,3,93,OTP,845,4,1
12,5,9,36,Fingerprint,551,4,1
71,6,9,34,OTP,91,0,1
25,1,5,97,Fingerprint,28,1,1
91,0,3,76,Iris,949,0,0
5,7,6,68,Fingerprint,854,0,1
73,6,2,94,Fingerprint,580,1,0
37,10,4,70,Fingerprint,251,2,0
23,5,8,71,OTP,552,3,1
87,5,9,37,Iris,340,0,1
24,8,7,44,Fingerprint,874,0,1
67,7,4,34,Fingerprint,350,3,1
52,8,9,91,Iris,719,0,1
84,6,1,44,Fingerprint,737,0,0
69,11,3,49,Fingerprint,74,1,1
47,0,8,70,Iris,198,3,1
85,4,1,77,Iris,556,0,0
40,11,2,71,Fingerprint,116,4,1
16,2,3,92,Fingerprint,828,2,1
53,1,8,34,Fingerprint,230,2,1
37,9,4,40,Fingerprint,464,1,0
24,4,9,76,Fingerprint,952,3,1
66,5,4,95,Fingerprint,397,4,1
35,8,9,30,Iris,238,1,1
70,3,5,51,Fingerprint,187,2,1
40,0,1,32,OTP,612,4,1
35,5,2,99,Fingerprint,10,2,0
40,11,3,54,Fingerprint,70,4,1
45,2,5,33,Fingerprint,132,1,1
26,1,1,65,Fingerprint,844,1,0
30,8,4,31,Iris,733,1,0
60,6,3,79,Fingerprint,162,4,1
80,4,1,83,OTP,359,2,0
49,2,9,53,Fingerprint,942,0,1
67,6,6,79,Iris,704,3,1
58,2,4,47,Iris,128,4,1
72,4,8,74,Fingerprint,217,4,1
89,4,7,74,Fingerprint,605,4,1
63,4,5,61,Fingerprint,291,4,1
29,7,3,89,Fingerprint,124,4,1
83,9,5,71,Fingerprint,390,2,1
38,5,6,82,Fingerprint,972,3,1
34,9,5,98,OTP,431,0,1
12,7,2,61,Fingerprint,50,2,0
23,9,4,80,Iris,146,3,1
58,2,2,98,Fingerprint,641,2,0
17,10,7,80,Fingerprint,518,1,1
86,8,6,77,Iris,385,3,1
7,5,3,33,Iris,828,0,0
24,5,3,56,Fingerprint,225,0,0
33,7,5,94,Fingerprint,417,0,1
30,8,3,85,Fingerprint,557,0,0
5,4,8,66,Iris,81,1,1
47,11,4,54,Iris,240,4,1
77,9,9,31,Fingerprint,617,4,1
81,4,7,79,Fingerprint,457,1,1
57,0,3,47,Fingerprint,700,0,0
56,1,2,96,Fingerprint,401,4,1
88,5,0,58,Fingerprint,858,4,1
42,8,4,33,Fingerprint,533,2,0
76,4,4,90,Fingerprint,408,4,1
85,3,5,61,Fingerprint,676,3,1
90,11,9,38,Iris,594,4,1
76,9,2,48,Fingerprint,84,1,1
37,9,1,64,Iris,59,2,0
63,11,5,76,Fingerprint,211,4,1
85,10,2,58,Iris,920,1,1
65,8,4,33,Fingerprint,370,0,1
71,9,1,46,Fingerprint,331,2,1
91,6,1,48,OTP,892,1,0
89,2,4,56,Fingerprint,15,4,1
62,0,0,71,Fingerprint,945,3,1
83,8,0,81,Iris,334,4,1
21,4,3,43,Iris,401,1,0
5,3,2,66,Fingerprint,830,3,1
92,2,3,30,Fingerprint,136,1,0
21,10,2,58,Iris,319,2,0
54,5,9,98,Fingerprint,734,1,1
51,4,3,52,Fingerprint,30,0,0
55,10,2,79,Fingerprint,271,4,1
10,4,5,98,Fingerprint,982,2,1
5,10,6,32,Fingerprint,106,0,1
62,7,5,58,Fingerprint,63,2,1
49,1,6,60,Fingerprint,710,4,1
40,6,4,75,OTP,58,2,0
27,0,3,73,OTP,181,1,0
54,3,5,97,Fingerprint,160,3,1
48,3,2,57,OTP,795,2,0
64,9,0,44,Iris,717,2,1
5,6,4,60,Fingerprint,825,0,0
7,10,5,44,Fingerprint,487,2,1
22,5,7,90,Fingerprint,636,2,1
92,3,7,50,Iris,542,2,1
31,10,8,86,Fingerprint,355,3,1
69,3,0,44,Fingerprint,857,3,1
93,11,8,31,Fingerprint,136,1,1
35,1,7,91,Iris,116,0,1
59,11,5,79,Iris,524,3,1
25,4,6,38,Iris,398,0,1
94,7,5,81,Fingerprint,85,0,1
14,8,9,89,Fingerprint,628,4,1
9,4,1,91,Fingerprint,829,2,0
88,10,3,53,Fingerprint,183,3,1
68,11,5,85,Fingerprint,447,3,1
76,5,8,76,Iris,930,3,1
55,4,1,37,Fingerprint,749,4,1
11,9,7,78,Iris,317,0,1
20,4,1,49,Fingerprint,128,2,0
53,0,8,51,Iris,505,3,1
49,5,5,94,Fingerprint,269,2,1
34,1,2,49,Fingerprint,260,0,0
27,3,1,86,Fingerprint,189,3,1
78,10,5,43,Fingerprint,445,0,1
23,7,9,33,OTP,835,0,1
84,1,2,49,Fingerprint,259,1,0
71,10,8,77,Fingerprint,152,4,1
8,11,4,70,Fingerprint,284,3,1
35,9,1,49,Fingerprint,607,2,0
68,9,1,94,Fingerprint,894,0,1
13,6,0,81,Iris,968,0,0
91,10,3,38,OTP,401,4,1
19,8,1,67,OTP,183,4,1
65,7,2,83,Fingerprint,92,3,1
40,4,8,77,Fingerprint,470,3,1
94,4,1,44,Fingerprint,180,3,1
33,4,0,87,Fingerprint,237,4,1
6,9,2,81,Fingerprint,259,2,0
19,10,2,79,OTP,831,0,0
82,3,2,74,Fingerprint,11,0,0
28,2,3,95,Iris,446,0,0
5,5,2,80,OTP,86,0,0
18,9,2,53,Fingerprint,147,4,1
77,3,9,69,Fingerprint,832,1,1
70,8,0,81,Fingerprint,155,3,1
25,9,7,63,Fingerprint,936,0,1
72,5,6,48,Iris,630,4,1
10,6,3,77,Iris,984,2,0
48,4,0,67,Fingerprint,507,2,0
10,7,5,81,Fingerprint,450,2,1
68,9,9,60,Fingerprint,115,4,1
79,2,7,86,Fingerprint,961,4,1
23,6,4,73,Fingerprint,327,0,0
44,9,4,83,Fingerprint,780,3,1
18,10,8,67,Fingerprint,693,4,1
69,8,3,44,Fingerprint,652,2,1
85,6,0,67,Fingerprint,848,1,0
23,3,5,59,Fingerprint,23,4,1
94,10,8,38,Fingerprint,277,1,1
38,10,3,70,Fingerprint,907,0,0
76,9,9,39,Fingerprint,417,2,1
72,7,2,71,Fingerprint,672,3,1
57,1,9,95,Iris,996,1,1
44,7,0,46,Fingerprint,827,3,1
77,2,0,95,Iris,132,4,1
11,3,7,67,Iris,536,3,1
54,7,3,38,Iris,924,2,0
61,3,5,32,Fingerprint,820,4,1
16,11,1,61,Fingerprint,97,1,1
27,10,9,79,Fingerprint,278,4,1
81,8,9,34,Iris,374,4,1
83,2,0,63,Fingerprint,753,2,0
94,9,8,84,Iris,601,1,1
14,8,8,85,Fingerprint,122,4,1
50,3,3,95,Fingerprint,327,3,1
89,4,3,94,Fingerprint,641,2,0
13,6,8,74,Iris,697,0,1
45,10,8,87,Fingerprint,300,2,1
54,7,5,74,Fingerprint,497,1,1
69,9,7,70,Fingerprint,206,1,1
44,8,8,37,OTP,369,2,1
53,3,1,59,Fingerprint,868,2,0
56,0,8,49,Fingerprint,795,2,1
94,4,1,31,Fingerprint,649,4,1
52,6,9,65,Iris,370,1,1
12,9,8,46,Fingerprint,207,4,1
53,1,1,93,Iris,879,2,0
63,3,9,93,Fingerprint,811,0,1
13,9,0,79,Fingerprint,434,1,0
40,6,0,76,Iris,47,3,1
89,9,3,98,Fingerprint,318,4,1
73,9,8,80,Fingerprint,790,3,1
70,10,3,88,Iris,382,1,1
94,8,9,51,Fingerprint,984,4,1
25,4,5,74,Fingerprint,891,0,1
86,9,4,56,Fingerprint,967,4,1
82,9,9,82,Fingerprint,752,3,1
36,1,6,99,Fingerprint,681,3,1
44,7,2,64,Fingerprint,876,4,1
21,1,1,41,Iris,738,1,0
78,7,0,54,Iris,91,1,1
76,2,1,99,Fingerprint,185,0,0
68,2,8,79,Fingerprint,254,0,1
93,0,5,50,OTP,204,1,1
72,1,1,63,OTP,69,3,1
86,3,2,74,Fingerprint,928,0,0
76,2,8,55,OTP,333,2,1
52,9,8,68,Iris,899,3,1
68,11,2,91,OTP,749,0,1
43,4,0,47,Fingerprint,286,1,0
10,1,1,30,Fingerprint,963,2,0
41,6,0,48,Iris,907,4,1
86,0,5,56,Fingerprint,169,3,1
32,11,7,54,Fingerprint,863,4,1
79,6,6,46,Fingerprint,193,3,1
79,11,9,45,Fingerprint,804,2,1
64,10,7,96,OTP,367,3,1
88,1,1,31,Fingerprint,299,0,0
79,10,6,67,Fingerprint,327,3,1
69,8,3,35,Fingerprint,141,4,1
55,5,0,37,Fingerprint,858,2,0
19,4,2,95,Fingerprint,452,4,1
63,1,4,41,Fingerprint,405,0,0
53,4,3,83,Fingerprint,954,2,0
68,3,5,55,Fingerprint,977,1,1
28,7,7,83,Fingerprint,703,4,1
72,3,9,34,Fingerprint,502,2,1
38,11,1,48,Fingerprint,87,3,1
78,0,8,58,Iris,835,2,1
53,5,3,71,Fingerprint,949,1,0
27,8,4,37,Iris,208,0,0
82,0,1,73,Fingerprint,867,1,0
30,1,0,63,Iris,987,4,1
54,6,9,58,Fingerprint,593,1,1
5,11,0,91,OTP,343,1,0
63,5,0,34,Fingerprint,344,3,1
15,10,5,52,Iris,651,0,1
34,10,3,59,Fingerprint,330,2,0
68,7,3,47,Iris,361,1,1
36,4,5,75,Fingerprint,174,0,1
93,2,2,71,Fingerprint,717,2,0
70,10,1,52,Fingerprint,430,4,1
75,6,9,67,OTP,713,4,1
32,10,1,30,Fingerprint,563,1,0
55,9,6,44,Fingerprint,96,4,1
21,8,7,35,Iris,753,4,1
17,0,3,79,Iris,661,0,0
81,0,7,61,Fingerprint,282,1,1
28,5,1,79,Iris,624,0,0
91,8,4,56,Iris,836,0,1
29,3,8,95,Fingerprint,536,3,1
18,1,1,63,Iris,546,3,1
35,4,5,71,Fingerprint,697,2,1
20,2,8,45,Fingerprint,195,3,1
14,2,1,76,Iris,941,0,0
33,11,4,93,Fingerprint,459,3,1
32,6,3,60,Fingerprint,453,0,0
50,0,0,71,Fingerprint,292,0,0
92,8,2,89,OTP,88,0,1
36,6,2,98,Fingerprint,478,2,0
75,4,6,84,Fingerprint,874,3,1
44,2,1,91,Fingerprint,796,2,0
67,7,9,42,Fingerprint,515,1,1
19,0,5,67,Fingerprint,630,4,1
5,10,9,69,OTP,965,2,1
32,6,7,34,Iris,121,3,1
42,8,9,43,Iris,378,2,1
84,3,1,62,Fingerprint,916,1,0
51,8,1,98,Iris,742,3,1
71,1,8,48,Iris,988,0,1
49,6,3,78,Fingerprint,590,3,1
57,4,4,60,Fingerprint,148,1,0
19,1,9,82,Fingerprint,302,3,1
18,9,6,45,Fingerprint,331,0,1
44,10,8,45,OTP,598,2,1
15,0,4,47,OTP,809,1,0
84,10,2,56,OTP,446,4,1
37,8,2,70,Fingerprint,51,2,0
24,8,9,81,Iris,938,1,1
19,2,5,98,Fingerprint,229,2,1
38,3,1,55,Fingerprint,376,0,0
92,4,7,60,OTP,994,2,1
51,7,0,32,Fingerprint,943,2,0
71,3,4,39,Fingerprint,841,1,0
54,6,7,47,Iris,120,1,1
42,8,9,38,Fingerprint,532,1,1
50,5,4,34,Fingerprint,764,3,1
65,9,6,75,Fingerprint,844,3,1
7,4,8,71,Fingerprint,66,0,1
77,11,4,88,Fingerprint,811,4,1
29,9,9,54,Iris,82,2,1
42,3,0,52,Fingerprint,888,0,0
49,0,0,36,Fingerprint,142,4,1
21,7,1,36,Iris,827,3,1
11,7,1,84,Iris,703,4,1
83,4,7,79,Iris,957,3,1
24,2,1,59,Fingerprint,33,2,0
48,11,5,58,Fingerprint,886,0,1
9,11,7,79,Fingerprint,945,3,1
15,11,7,94,Fingerprint,907,4,1
72,11,9,32,Iris,352,4,1
7,9,2,43,Fingerprint,820,3,1
40,7,5,67,Fingerprint,348,4,1
78,10,5,95,Fingerprint,424,2,1
51,3,6,65,Iris,739,0,1
19,4,3,51,Fingerprint,986,0,0
94,5,5,53,Fingerprint,143,3,1
10,9,4,70,Fingerprint,519,2,0
19,9,7,85,Fingerprint,962,2,1
62,8,6,33,Fingerprint,82,2,1
67,2,0,92,Fingerprint,286,1,0
21,1,0,95,Fingerprint,52,0,0
41,7,4,85,Iris,429,2,0
94,8,4,85,Fingerprint,64,3,1
47,7,5,59,Fingerprint,624,3,1
92,6,3,49,Fingerprint,580,0,0
30,3,2,72,Fingerprint,298,3,1
49,7,0,41,Iris,672,1,0
72,10,2,42,Fingerprint,832,1,1
48,2,5,32,Fingerprint,34,2,1
85,11,0,84,Fingerprint,708,0,1
71,1,9,70,Iris,292,4,1
35,10,4,95,Fingerprint,658,2,0
40,9,7,83,Fingerprint,400,3,1
77,2,7,97,Fingerprint,540,1,1
48,9,2,87,Fingerprint,385,3,1
44,11,3,99,OTP,331,4,1
75,7,6,40,Fingerprint,570,2,1
11,10,2,46,Fingerprint,130,3,1
17,11,6,30,Fingerprint,896,2,1
62,8,0,97,OTP,816,0,1
49,7,1,42,Iris,968,2,0
58,6,6,55,Fingerprint,745,2,1
69,4,2,78,Iris,318,2,0
61,5,1,45,Fingerprint,278,4,1
47,7,5,60,Fingerprint,494,0,1
91,10,3,48,Fingerprint,867,1,1
17,3,4,58,Fingerprint,231,0,1
28,5,6,30,Fingerprint,527,0,1
12,9,3,84,Fingerprint,476,0,0
92,9,3,79,Fingerprint,248,4,1
20,1,6,76,Fingerprint,820,2,1
69,2,4,79,Fingerprint,862,2,0
87,8,0,65,OTP,56,0,1
36,2,4,61,Iris,105,2,0
42,9,1,80,Fingerprint,925,4,1
53,2,6,69,Fingerprint,819,0,1
15,8,0,59,Fingerprint,223,2,1
36,6,6,49,Fingerprint,300,3,1
44,3,6,97,Fingerprint,730,0,1
6,5,9,72,Fingerprint,98,3,1
33,6,4,80,Fingerprint,310,1,0
26,2,9,36,OTP,503,4,1
50,9,4,90,Fingerprint,70,2,0
16,7,7,95,Iris,725,2,1
52,2,1,54,Iris,444,4,1
67,9,5,96,Iris,241,2,1
25,0,5,56,OTP,488,3,1
70,4,8,49,Iris,902,1,1
75,1,4,34,Fingerprint,568,4,1
82,8,2,64,Fingerprint,581,3,1
7,1,1,31,OTP,152,3,1
68,0,1,81,Fingerprint,46,2,0
61,0,8,66,Fingerprint,823,3,1
23,10,8,98,Fingerprint,419,2,1
52,6,1,85,Fingerprint,906,2,0
12,0,6,36,Fingerprint,922,2,1
53,10,5,70,Fingerprint,701,1,1
79,2,7,34,OTP,990,4,1
57,5,3,90,Fingerprint,101,2,0
89,6,0,77,Fingerprint,457,0,0
38,8,4,59,Fingerprint,494,1,0
50,10,5,37,Fingerprint,13,0,1
13,11,9,39,Fingerprint,895,0,1
89,7,9,87,Iris,231,1,1
16,2,6,35,Fingerprint,473,3,1
33,5,5,37,Fingerprint,406,2,1
22,5,6,46,Fingerprint,279,1,1
10,1,8,33,Fingerprint,241,1,1
15,2,7,88,OTP,102,2,1
88,8,8,46,Iris,73,1,1
16,11,3,81,Iris,420,1,1
84,2,2,90,Fingerprint,977,0,0
63,7,4,78,Fingerprint,815,3,1
92,4,5,42,Fingerprint,763,2,1
28,4,9,92,Iris,121,1,1
76,4,4,36,Fingerprint,601,4,1
26,6,7,66,Fingerprint,52,3,1
48,9,8,94,OTP,541,4,1
74,9,9,62,Fingerprint,783,2,1
22,9,3,94,Fingerprint,891,4,1
51,1,3,65,Fingerprint,224,1,0
5,10,7,43,OTP,928,2,1
64,3,7,31,OTP,887,2,1
80,2,4,90,Fingerprint,272,1,0
80,9,8,98,Fingerprint,962,3,1
79,9,2,99,Fingerprint,646,4,1
78,1,7,75,Fingerprint,346,2,1
92,6,4,92,OTP,259,1,0
76,3,8,52,OTP,615,1,1
38,4,8,95,Fingerprint,656,4,1
22,5,1,78,Fingerprint,793,4,1
8,11,7,84,OTP,585,2,1
34,7,0,73,Fingerprint,973,4,1
27,0,8,83,Fingerprint,287,4,1
43,2,1,81,Iris,663,0,0
67,6,8,75,Iris,523,0,1
8,1,2,66,Iris,33,2,0
37,11,5,39,Fingerprint,820,4,1
63,8,3,52,Fingerprint,512,3,1
47,8,6,45,Fingerprint,96,0,1
10,2,0,88,Fingerprint,155,4,1
14,6,4,74,Fingerprint,737,3,1
18,10,2,63,OTP,662,3,1
20,1,2,57,Fingerprint,130,3,1
58,0,3,91,Fingerprint,321,1,0
77,4,0,78,Fingerprint,318,3,1
34,10,9,96,Fingerprint,505,2,1
83,0,3,36,Fingerprint,234,4,1
71,10,8,93,Iris,50,2,1
9,0,4,70,Iris,218,2,0
26,4,9,47,Fingerprint,473,1,1
75,2,6,89,Fingerprint,730,4,1
32,10,6,62,Fingerprint,294,3,1
78,11,7,54,Fingerprint,781,3,1
19,7,9,61,Fingerprint,701,0,1
48,0,2,59,Fingerprint,211,1,0
17,7,5,41,Fingerprint,486,3,1
47,6,7,93,Iris,697,0,1
34,4,3,58,Fingerprint,477,0,0
21,3,8,66,Fingerprint,992,3,1
65,9,5,58,Fingerprint,151,1,1
81,2,1,83,Iris,830,2,0
59,0,5,49,OTP,602,4,1
62,6,3,97,Iris,840,4,1
28,4,2,79,Fingerprint,449,2,0
45,4,4,35,Fingerprint,238,0,0
25,3,0,46,Fingerprint,73,1,0
94,11,4,42,Fingerprint,248,4,1
67,10,3,61,Fingerprint,161,0,1
5,2,7,57,Fingerprint,55,0,1
39,9,9,83,Fingerprint,520,3,1
20,3,3,91,Fingerprint,87,2,0
90,8,0,98,Iris,124,2,1
74,11,3,53,Fingerprint,84,0,1
37,8,7,58,Fingerprint,619,1,1
10,3,7,94,Fingerprint,743,3,1
73,8,4,90,Fingerprint,740,3,1
12,0,7,62,Iris,796,1,1
15,2,0,71,Fingerprint,95,2,1
93,6,1,30,Fingerprint,436,3,1
25,2,2,37,Iris,116,2,0
68,1,0,87,Fingerprint,124,4,1
22,7,9,61,Fingerprint,467,0,1
37,0,6,97,Fingerprint,318,3,1
14,6,3,63,Fingerprint,25,0,0
45,8,7,47,Fingerprint,749,2,1
22,7,6,64,Fingerprint,803,4,1
19,10,4,93,Iris,351,2,0
49,8,2,55,Iris,483,2,0
68,11,6,65,Fingerprint,660,1,1
71,11,1,58,Iris,614,4,1
78,4,8,39,Fingerprint,717,1,1
56,1,9,64,Fingerprint,170,0,1
50,1,7,83,Fingerprint,233,2,1
18,10,1,90,OTP,410,0,1
60,0,4,41,Iris,155,1,0
74,8,9,70,Fingerprint,906,0,1
59,4,5,60,Fingerprint,423,4,1
49,1,2,74,Iris,508,3,1
54,8,5,65,Fingerprint,560,1,1
62,10,4,65,Fingerprint,546,4,1
11,11,9,95,Fingerprint,264,4,1
5,2,4,59,Fingerprint,120,4,1
93,2,7,74,Fingerprint,127,3,1
35,10,3,96,Fingerprint,597,4,1
15,0,9,82,Iris,985,1,1
14,9,3,73,OTP,856,0,0
94,7,3,45,Iris,476,2,1
57,3,2,37,Fingerprint,51,4,1
74,4,4,74,Fingerprint,783,2,0
83,6,4,81,Fingerprint,943,4,1
81,0,4,75,OTP,228,2,0
13,9,2,76,Fingerprint,989,3,1
14,8,8,59,Fingerprint,692,3,1
46,3,2,40,Iris,898,0,0
59,8,9,50,OTP,872,4,1
62,0,4,91,Fingerprint,258,0,0
5,4,5,83,Fingerprint,956,1,1
40,3,4,58,Fingerprint,484,0,0
93,8,0,98,Fingerprint,974,3,1
62,1,1,58,Fingerprint,428,2,0
85,3,0,97,Fingerprint,682,2,0
32,6,0,65,Fingerprint,813,2,0
10,11,6,41,OTP,520,1,1
85,4,0,35,Fingerprint,751,0,0
20,8,7,84,Iris,47,2,1
72,10,9,43,OTP,952,1,1
23,1,0,71,Fingerprint,662,1,0
34,5,5,52,Fingerprint,887,3,1
40,8,0,32,Fingerprint,43,4,1
33,2,1,77,Fingerprint,126,0,0
14,2,4,96,Fingerprint,596,0,0
32,8,8,35,Fingerprint,612,4,1
52,4,4,62,Fingerprint,166,4,1
78,1,3,42,Fingerprint,83,0,0
26,10,6,96,Fingerprint,596,1,1
37,9,6,44,Fingerprint,649,2,1
11,0,9,50,Fingerprint,103,2,1
59,3,5,71,Fingerprint,155,2,1
54,6,3,41,Fingerprint,85,3,1
8,3,1,77,Fingerprint,314,2,0
91,8,4,45,Iris,805,2,1
84,8,3,75,Fingerprint,687,3,1
63,2,9,95,Fingerprint,705,1,1
21,9,5,35,Iris,795,0,1
93,9,3,49,Fingerprint,714,3,1
61,9,6,94,Iris,384,4,1
14,9,5,73,Fingerprint,447,0,1
55,3,5,88,Fingerprint,533,1,1
61,1,8,86,Fingerprint,785,1,1
64,7,1,92,OTP,140,0,1
93,3,6,37,Fingerprint,902,4,1
67,0,8,83,Fingerprint,55,1,1
22,11,0,52,Fingerprint,850,0,0
29,8,0,67,Fingerprint,723,0,0
54,10,8,89,Iris,318,1,1
21,3,4,57,Fingerprint,408,2,0
74,6,8,49,Fingerprint,139,3,1
68,6,5,51,Fingerprint,177,4,1
32,6,2,30,Fingerprint,786,1,0
62,5,6,42,Iris,472,0,1
69,11,0,97,Iris,400,3,1
64,5,1,36,Fingerprint,575,3,1
8,2,8,90,Iris,160,4,1
17,1,7,94,Fingerprint,92,0,1
46,8,5,62,Fingerprint,98,4,1
91,3,0,85,Fingerprint,19,3,1
18,8,8,31,Fingerprint,756,3,1
5,1,1,80,OTP,473,4,1
60,7,7,79,Fingerprint,482,2,1
25,6,7,86,Fingerprint,178,4,1
86,0,2,34,Fingerprint,211,2,0
62,11,3,39,Iris,510,2,1
24,10,9,48,Iris,65,4,1
61,5,4,66,Fingerprint,872,3,1
48,5,2,71,Fingerprint,512,3,1
45,11,1,92,Fingerprint,568,2,0
93,1,5,82,Fingerprint,876,0,1
69,7,6,72,Iris,900,0,1
8,11,0,85,Fingerprint,524,1,0
52,3,3,60,Fingerprint,587,0,0
75,10,9,80,Fingerprint,402,0,1
13,4,7,68,Fingerprint,162,1,1
28,2,5,99,Iris,185,4,1
60,7,8,85,OTP,514,0,1
38,11,7,99,Fingerprint,889,2,1
22,10,5,84,Fingerprint,286,2,1
38,7,0,87,Fingerprint,575,1,0
28,0,5,48,Fingerprint,692,2,1
73,3,8,76,Fingerprint,311,3,1
92,7,3,90,Fingerprint,541,1,1
47,9,2,54,Iris,887,2,0
75,3,0,32,Fingerprint,241,3,1
14,1,7,84,Fingerprint,706,1,1
90,1,1,74,Fingerprint,151,1,0
19,10,4,38,Fingerprint,195,0,0
20,3,8,37,Fingerprint,503,0,1
40,8,3,40,Fingerprint,601,0,0
28,0,3,99,Fingerprint,20,3,1
9,3,5,84,Iris,355,0,1
34,7,6,32,OTP,953,4,1
84,1,9,56,Fingerprint,677,0,1
84,9,2,37,Fingerprint,194,3,1
7,7,1,91,Fingerprint,366,3,1
78,8,5,35,Fingerprint,747,3,1
26,10,7,47,Fingerprint,89,3,1
37,5,1,83,OTP,804,1,0
82,8,1,89,Fingerprint,782,3,1
58,7,3,98,Fingerprint,886,3,1
78,3,0,69,Fingerprint,588,2,0
91,10,2,49,Fingerprint,534,3,1
7,10,9,94,Fingerprint,195,4,1
6,1,6,60,Fingerprint,732,1,1
77,7,2,70,Fingerprint,307,3,1
52,0,3,33,Fingerprint,325,1,0
9,9,5,43,Iris,215,3,1
94,11,7,45,Fingerprint,145,0,1
85,2,0,94,Fingerprint,678,0,0
67,0,4,75,Fingerprint,248,4,1
57,7,1,59,Fingerprint,265,0,0
30,1,3,37,Fingerprint,835,4,1
52,1,6,94,Fingerprint,59,3,1
88,4,3,65,Fingerprint,879,3,1
10,6,6,90,Fingerprint,655,4,1
92,5,4,54,Iris,576,0,0
94,2,0,94,OTP,702,3,1
32,2,4,71,Fingerprint,123,1,0
42,5,4,76,Fingerprint,516,0,0
7,1,9,83,Fingerprint,77,1,1
94,1,9,63,Fingerprint,414,3,1
48,6,0,31,Fingerprint,836,1,0
30,5,6,71,Iris,911,4,1
26,5,5,61,Iris,922,4,1
53,0,5,92,Fingerprint,94,4,1
13,4,1,71,Fingerprint,800,2,0
71,8,4,32,OTP,332,3,1
82,4,4,92,Fingerprint,824,2,0
78,3,0,75,Fingerprint,384,4,1
50,0,8,90,Iris,535,4,1
43,1,9,85,Fingerprint,76,1,1
42,10,2,34,Fingerprint,811,3,1
38,3,6,47,Fingerprint,229,1,1
72,4,8,37,Fingerprint,860,2,1
59,3,1,43,Iris,866,1,0
69,0,2,89,OTP,403,1,0
36,0,7,55,Fingerprint,70,0,1
6,2,1,99,Fingerprint,725,2,0
80,1,1,40,Iris,708,2,0
42,8,4,71,Fingerprint,405,1,0
37,4,4,58,Fingerprint,399,4,1
36,11,9,76,Fingerprint,705,2,1
31,2,8,56,Fingerprint,157,2,1
48,7,6,94,Iris,520,1,1
12,2,3,84,Fingerprint,761,3,1
88,3,4,54,Fingerprint,709,0,0
74,2,3,85,Iris,753,3,1
58,0,9,39,Fingerprint,634,4,1
47,9,6,43,OTP,939,0,1
71,9,7,67,Iris,679,0,1
36,10,5,63,OTP,668,1,1
86,11,3,72,Fingerprint,270,4,1
60,8,3,73,Fingerprint,563,2,1
15,1,5,87,Iris,393,4,1
25,7,0,87,Iris,229,3,1
21,8,5,81,Fingerprint,511,3,1
56,4,4,32,Fingerprint,915,0,0
47,8,4,33,OTP,490,4,1
79,0,6,95,Fingerprint,767,3,1
51,9,7,71,Fingerprint,503,0,1
89,11,8,67,Fingerprint,617,3,1
67,6,3,77,Iris,487,0,0
9,4,7,99,Fingerprint,226,4,1
82,1,9,55,Fingerprint,11,3,1
26,6,3,67,Fingerprint,79,0,0
35,9,3,55,Iris,892,1,0
19,8,0,34,Iris,607,3,1
55,9,5,50,Fingerprint,974,1,1
72,5,6,69,Fingerprint,850,2,1
77,6,3,60,Fingerprint,624,1,0
39,4,2,66,Fingerprint,143,1,0
29,2,5,95,Fingerprint,910,2,1
82,7,2,98,Fingerprint,689,4,1
53,9,1,65,Iris,463,1,0
41,11,0,33,Fingerprint,564,2,0
55,1,3,68,Fingerprint,309,4,1
27,5,9,77,Fingerprint,835,4,1
91,6,2,91,Fingerprint,993,4,1
55,8,1,65,Iris,388,3,1
77,7,1,52,Iris,948,3,1
26,8,1,88,Fingerprint,138,3,1
45,5,3,77,Iris,985,4,1
90,10,0,93,Fingerprint,456,1,1
75,1,3,94,Fingerprint,799,4,1
85,11,7,59,Fingerprint,336,1,1
75,11,0,59,Iris,859,2,1
79,1,5,64,Fingerprint,990,3,1
55,9,0,91,Fingerprint,814,0,0
45,4,1,42,Fingerprint,483,0,0
63,7,9,81,Fingerprint,533,2,1
47,8,9,35,Fingerprint,552,4,1
37,4,5,85,Fingerprint,670,3,1
62,5,3,51,Fingerprint,69,2,0
81,1,5,85,Fingerprint,290,4,1
94,1,0,79,Fingerprint,10,2,0
36,8,5,81,Iris,40,3,1
50,2,0,72,Iris,66,0,0
83,1,8,74,Fingerprint,33,4,1
46,5,6,89,Fingerprint,686,3,1
88,9,9,82,Fingerprint,982,3,1
56,11,2,31,Fingerprint,969,3,1
19,10,9,46,Fingerprint,161,1,1
34,2,2,89,Iris,369,4,1
15,7,4,44,Iris,392,3,1
75,1,7,35,Iris,589,2,1
55,10,9,35,Fingerprint,828,2,1
24,9,9,77,Iris,23,3,1
27,4,7,68,OTP,993,0,1
46,11,2,86,Fingerprint,771,1,0
24,4,4,74,OTP,488,3,1
69,11,1,68,Fingerprint,127,3,1
51,2,6,67,Fingerprint,719,0,1
17,6,7,72,Fingerprint,965,3,1
48,5,2,87,Iris,494,0,0
39,5,9,59,Fingerprint,336,1,1
83,6,5,68,Fingerprint,769,3,1
46,8,6,34,Fingerprint,871,0,1
41,6,4,80,Fingerprint,705,0,0
81,10,9,44,OTP,567,1,1
47,7,5,32,Fingerprint,70,0,1
10,8,6,54,OTP,631,4,1
75,8,5,77,Fingerprint,147,4,1
69,1,3,56,Fingerprint,719,0,0
64,3,4,56,Fingerprint,281,2,0
60,2,2,86,Fingerprint,426,2,0
84,9,8,46,Fingerprint,357,2,1
43,7,5,86,Fingerprint,364,1,1
30,10,3,54,Fingerprint,566,2,0
80,2,7,75,Fingerprint,482,0,1
40,2,8,95,Fingerprint,504,1,1
65,3,3,83,Iris,987,3,1
58,10,8,93,Fingerprint,510,1,1
85,10,8,83,OTP,85,4,1
59,7,4,95,Fingerprint,720,1,0
8,10,8,92,Iris,771,1,1
55,7,7,63,Fingerprint,139,1,1
19,5,0,43,Iris,213,2,0
38,1,1,62,Fingerprint,585,3,1
22,3,0,90,Fingerprint,669,2,0
80,9,2,37,Fingerprint,386,1,1
68,0,8,32,Fingerprint,447,2,1
58,11,9,45,Fingerprint,934,2,1
40,2,8,48,Fingerprint,847,2,1
84,10,5,65,Fingerprint,72,1,1
58,5,8,41,Fingerprint,773,3,1
59,0,4,81,Fingerprint,790,1,0
54,1,6,42,Iris,568,0,1
16,8,4,74,Iris,252,2,1
27,6,7,63,Iris,630,2,1
36,5,7,85,Fingerprint,282,0,1
32,1,9,30,Fingerprint,28,1,1
71,8,9,57,Fingerprint,260,2,1
60,3,3,32,Fingerprint,336,1,0
50,5,8,64,Iris,597,3,1
52,7,9,87,Fingerprint,166,1,1
59,11,1,70,Fingerprint,218,2,0
85,3,3,75,Iris,950,3,1
7,2,7,99,Fingerprint,454,1,1
16,8,8,78,Fingerprint,63,3,1
82,0,5,45,Fingerprint,261,1,1
25,7,9,81,Fingerprint,867,3,1
8,8,8,84,Fingerprint,56,3,1
6,2,9,77,Iris,549,4,1
76,0,0,94,Fingerprint,993,0,0
6,8,6,46,Iris,403,0,1
41,1,1,92,Fingerprint,356,1,0
89,2,6,52,Fingerprint,629,2,1
55,3,8,87,Fingerprint,106,3,1
47,3,0,32,Fingerprint,325,1,0
94,9,6,98,Iris,105,1,1
21,3,3,37,Fingerprint,314,4,1
15,1,1,78,OTP,454,2,0
75,11,3,53,OTP,489,2,1
79,1,6,34,OTP,255,2,1
91,6,1,39,Fingerprint,657,2,0
7,10,3,32,Fingerprint,492,0,0
40,5,6,31,Iris,36,4,1
26,3,1,52,Fingerprint,994,0,0
83,8,4,84,OTP,592,3,1
54,7,0,63,Fingerprint,48,2,0
34,3,6,64,Fingerprint,64,1,1
26,11,2,80,Fingerprint,521,1,0
63,11,8,43,Fingerprint,87,1,1
84,11,9,63,Iris,727,4,1
30,5,6,74,Iris,250,4,1
39,3,1,50,Fingerprint,361,3,1
14,6,3,44,Fingerprint,308,1,0
37,6,6,41,Iris,40,1,1
38,8,9,81,Iris,343,2,1
37,6,3,68,Fingerprint,595,3,1
31,5,5,46,Iris,873,3,1
58,0,7,82,Iris,206,1,1
11,11,8,57,Iris,696,0,1
58,1,7,35,OTP,643,0,1
73,6,5,88,Iris,767,3,1
5,5,8,70,Fingerprint,39,3,1
56,8,1,90,Fingerprint,98,1,0
65,7,0,91,Iris,569,1,1
15,8,5,63,Fingerprint,656,0,1
80,4,2,66,OTP,921,0,0
65,9,3,93,Iris,311,0,1
81,8,2,66,Fingerprint,101,2,1
86,1,8,69,Iris,294,2,1
33,1,0,60,Fingerprint,377,3,1
64,2,2,45,Fingerprint,739,3,1
55,7,1,72,Fingerprint,349,4,1
67,9,2,96,Fingerprint,774,4,1
56,0,3,53,Iris,892,3,1
79,10,3,49,Iris,200,4,1
34,6,8,51,Fingerprint,710,4,1
31,5,2,67,Fingerprint,847,3,1
7,0,4,59,Fingerprint,296,3,1
6,7,6,83,Fingerprint,661,0,1
88,9,2,59,Fingerprint,865,1,1
39,2,4,56,Fingerprint,948,4,1
87,2,2,31,Fingerprint,591,3,1
58,5,2,37,Fingerprint,955,0,0
92,4,0,65,Fingerprint,835,4,1
82,9,3,31,Iris,123,1,1
85,11,2,68,Fingerprint,174,4,1
8,9,0,42,Fingerprint,218,3,1
55,6,2,79,Fingerprint,365,1,0
59,11,0,67,OTP,331,4,1
66,10,1,69,Fingerprint,116,0,1
20,2,6,52,Iris,955,1,1
85,8,6,39,Iris,103,2,1
41,11,2,63,Fingerprint,223,1,0
7,8,7,92,Iris,909,3,1
79,1,6,90,Fingerprint,112,0,1
20,7,2,81,Fingerprint,819,1,0
50,10,6,86,Fingerprint,370,0,1
88,3,5,56,Fingerprint,272,1,1
54,1,1,45,Fingerprint,957,4,1
27,9,0,91,Iris,699,4,1
19,9,9,74,Fingerprint,428,1,1
74,4,6,73,Fingerprint,203,3,1
66,6,8,47,Fingerprint,380,2,1
65,10,4,92,Iris,471,0,1
79,1,7,39,Fingerprint,544,4,1
10,4,0,80,Fingerprint,648,0,0
42,4,0,79,Fingerprint,519,0,0
13,2,0,39,Iris,749,1,0
56,2,0,42,Fingerprint,963,4,1
9,5,9,50,Fingerprint,932,2,1
53,3,1,66,Fingerprint,965,1,0
63,9,3,43,Fingerprint,299,0,1
26,5,1,45,Fingerprint,384,0,0
70,6,4,64,Fingerprint,651,0,0
80,8,1,97,Iris,478,0,1
21,2,7,49,OTP,994,1,1
36,2,7,71,Fingerprint,710,2,1
80,9,7,34,Fingerprint,492,2,1
45,11,5,48,Fingerprint,448,4,1
22,9,1,41,OTP,234,1,0
9,1,2,68,OTP,456,1,0
74,7,2,61,Fingerprint,289,0,1
22,11,8,77,Fingerprint,921,3,1
90,6,0,53,OTP,710,3,1
44,9,6,30,OTP,105,4,1
64,2,8,77,Fingerprint,177,2,1
23,5,7,39,Fingerprint,857,4,1
39,7,2,95,Iris,573,4,1
58,2,0,44,Iris,555,1,0
77,2,1,33,Fingerprint,554,0,0
44,5,3,45,Fingerprint,69,3,1
19,5,0,52,Fingerprint,679,4,1
62,9,8,36,Fingerprint,451,3,1
84,8,1,75,OTP,550,4,1
34,4,1,34,Fingerprint,492,0,0
54,11,9,63,Fingerprint,837,1,1
15,1,4,79,Iris,690,2,0
85,0,3,54,Fingerprint,472,0,0
61,8,4,89,Iris,617,2,1
30,3,0,34,Fingerprint,618,2,0
75,1,5,95,Iris,307,4,1
15,9,4,95,Iris,895,2,1
85,8,9,34,OTP,508,3,1
52,7,8,32,Iris,987,3,1
28,3,8,30,Fingerprint,428,1,1
82,9,9,47,Fingerprint,231,1,1
86,8,4,44,Fingerprint,822,3,1
11,10,8,42,Fingerprint,53,4,1
77,4,6,62,Iris,419,3,1
26,3,5,87,Fingerprint,34,0,1
62,8,8,86,Fingerprint,840,3,1
31,8,7,96,Iris,54,1,1
71,5,5,71,Fingerprint,795,4,1
74,9,4,35,Fingerprint,633,0,1
88,9,4,45,Iris,847,4,1
41,4,6,45,Fingerprint,949,1,1
14,11,1,48,Fingerprint,484,4,1
38,1,0,56,Fingerprint,528,2,0
75,8,5,47,Fingerprint,873,1,1
18,5,5,33,Fingerprint,347,1,1
27,8,0,54,Fingerprint,221,0,0
79,8,3,54,Fingerprint,762,4,1
56,11,4,59,Iris,491,2,0
62,0,4,61,Iris,760,3,1
68,3,6,69,Iris,995,0,1
33,5,3,55,OTP,111,2,0
57,7,7,41,Fingerprint,941,1,1
11,4,7,32,Iris,391,4,1
49,5,1,36,Iris,98,2,0
82,3,3,65,Fingerprint,290,2,0
94,1,8,89,Fingerprint,688,4,1
89,11,5,62,Fingerprint,566,3,1
57,0,2,44,Fingerprint,416,3,1
12,5,3,81,Fingerprint,933,1,0
34,10,0,83,OTP,677,0,0
52,11,4,98,Fingerprint,912,4,1
63,8,5,74,Fingerprint,857,3,1
17,2,3,39,Fingerprint,257,2,1
10,3,6,75,Iris,734,4,1
65,2,9,76,Fingerprint,410,0,1
54,4,8,30,Fingerprint,556,1,1
57,3,5,76,Fingerprint,938,4,1
74,4,3,83,Fingerprint,332,3,1
79,9,9,31,Fingerprint,567,1,1
85,7,9,62,Fingerprint,511,3,1
92,4,2,98,Fingerprint,502,0,0
64,3,8,70,Iris,278,3,1
22,6,2,80,Fingerprint,346,1,0
52,7,6,69,Fingerprint,663,2,1
84,6,8,51,Fingerprint,921,4,1
33,1,1,83,Fingerprint,486,2,0
13,7,0,85,Fingerprint,765,1,0
75,9,3,53,OTP,247,0,1
56,1,6,48,Fingerprint,806,4,1
39,9,4,36,OTP,482,1,0
48,5,2,91,Fingerprint,210,3,1
39,4,7,83,Fingerprint,890,2,1
84,11,5,61,Fingerprint,947,0,1
63,11,7,62,Fingerprint,520,4,1
46,3,9,80,Fingerprint,773,4,1
79,5,1,50,OTP,191,0,0
25,0,9,98,Fingerprint,592,4,1
27,4,5,49,Fingerprint,18,1,1
79,7,7,64,Fingerprint,890,2,1
35,0,6,79,Fingerprint,312,0,1
14,7,9,55,Fingerprint,983,2,1
52,8,7,76,Iris,231,4,1
36,0,9,98,Fingerprint,717,2,1
91,0,0,31,OTP,374,0,0
70,3,3,86,Iris,222,3,1
6,2,6,55,Fingerprint,784,3,1
68,3,3,52,Iris,611,3,1
78,10,2,98,Fingerprint,112,0,1
39,8,7,79,Fingerprint,763,2,1
65,8,3,54,Fingerprint,404,4,1
23,10,8,45,Fingerprint,724,1,1
73,6,6,54,Fingerprint,982,1,1
25,2,8,52,Fingerprint,179,4,1
45,9,7,91,Fingerprint,519,2,1
56,0,4,36,Iris,191,2,0
63,7,1,56,Iris,870,4,1
23,11,6,99,Fingerprint,151,3,1
45,1,8,89,Fingerprint,393,3,1
62,7,0,87,Fingerprint,28,4,1
72,3,3,90,Fingerprint,551,3,1
42,2,7,58,Fingerprint,974,2,1
53,9,2,79,OTP,917,4,1
52,10,3,30,OTP,799,3,1
71,8,2,69,Iris,42,2,1
70,10,0,79,Fingerprint,616,0,1
71,7,2,88,Fingerprint,329,4,1
52,7,3,62,Fingerprint,366,0,0
45,10,7,80,Iris,45,4,1
24,4,1,69,Iris,96,1,0
33,10,1,91,Fingerprint,283,1,0
74,10,5,60,Iris,359,4,1
22,6,5,52,Fingerprint,290,1,1
9,1,9,62,Fingerprint,504,0,1
76,6,8,79,Fingerprint,241,2,1
50,7,5,97,Iris,918,0,1
60,7,1,91,Fingerprint,921,4,1
27,7,5,60,OTP,666,0,1
71,9,5,51,Iris,566,4,1
72,0,6,49,OTP,246,3,1
12,3,7,65,Fingerprint,775,3,1
77,6,5,47,OTP,228,0,1
5,2,6,66,Fingerprint,680,1,1
15,8,6,42,Fingerprint,959,2,1
40,11,3,32,OTP,110,2,0
45,2,8,79,Fingerprint,731,0,1
81,8,5,83,Fingerprint,862,2,1
55,11,8,50,Fingerprint,548,4,1
33,6,8,66,Fingerprint,57,3,1
8,2,3,94,Iris,171,3,1
35,6,5,31,Fingerprint,144,1,1
12,6,8,97,Iris,916,2,1
27,1,5,90,Fingerprint,169,0,1
94,6,0,53,Fingerprint,230,4,1
15,7,3,63,Fingerprint,913,1,1
83,5,4,96,Fingerprint,793,2,0
39,2,1,68,OTP,925,0,0
57,10,1,67,Fingerprint,621,4,1
83,5,3,46,Fingerprint,834,4,1
34,9,6,48,Fingerprint,427,3,1
10,9,8,95,Fingerprint,803,4,1
72,6,1,79,Iris,830,1,0
66,8,4,58,Fingerprint,878,3,1
92,10,5,73,Fingerprint,93,0,1
68,11,2,67,Fingerprint,548,0,1
43,1,2,95,Fingerprint,54,0,0
31,7,8,74,Iris,629,2,1
31,7,9,74,Fingerprint,803,2,1
32,2,8,30,Fingerprint,174,3,1
13,8,4,43,Iris,232,1,0
75,7,0,71,Fingerprint,893,3,1
7,11,9,30,Fingerprint,656,3,1
42,5,2,82,Fingerprint,999,3,1
41,6,5,47,OTP,158,3,1
87,0,3,71,Fingerprint,753,3,1
84,0,2,53,Fingerprint,108,4,1
6,3,8,33,Fingerprint,666,0,1
34,4,5,41,Iris,303,0,1
62,5,7,53,Fingerprint,137,2,1
94,3,0,50,OTP,619,2,0
24,0,4,92,Fingerprint,138,3,1
63,5,7,73,OTP,893,2,1
27,4,4,42,Fingerprint,591,3,1
9,6,7,99,Fingerprint,396,2,1
79,1,9,87,Fingerprint,637,3,1
87,4,4,38,Fingerprint,290,1,0
13,1,5,38,Fingerprint,939,0,1
79,10,3,36,OTP,836,1,1
32,2,1,58,Fingerprint,950,4,1
50,11,4,74,Fingerprint,278,3,1
66,5,9,84,Fingerprint,945,3,1
32,7,6,96,Iris,70,3,1
21,0,3,75,Fingerprint,534,3,1
21,1,3,57,Fingerprint,615,0,0
40,10,3,62,Fingerprint,500,2,0
37,7,2,43,Fingerprint,307,0,0
88,6,5,80,Iris,465,1,1
60,11,0,89,Fingerprint,208,4,1
43,2,8,39,Fingerprint,823,2,1
23,3,1,86,Fingerprint,97,3,1
56,4,3,70,Iris,48,4,1
47,0,7,75,Fingerprint,118,3,1
29,8,2,42,Fingerprint,814,2,0
85,6,3,65,Iris,891,3,1
23,11,4,45,Iris,824,2,0
93,11,1,64,Fingerprint,512,4,1
59,1,3,46,Fingerprint,590,0,0
